P ID,Product ID,
1,287634,1
2,225976,1
3,79874,1
4,49076,1
5,3894,1
6,226022,1
7,226019,1
8,226029,1
9,226014,1
10,226018,1
11,226020,1
12,226012,1
13,226016,1
14,226025,1
15,226011,1
16,226013,1
17,226032,1
18,226033,1
19,226027,1
20,226028,1
21,226015,1
22,226010,1
23,226031,1
24,226030,1
25,226023,1
26,226034,1
27,226021,1
28,226017,1
29,226005,1
30,226004,1
31,226006,1
32,225998,1
33,225999,1
34,225997,1
35,225996,1
36,225991,1
37,225990,1
38,225994,1
39,225993,1
40,225992,1
41,225995,1
42,226000,1
43,115666,1
44,116605,1
45,115664,1
46,116606,1
47,226002,1
48,226001,1
49,226009,1
50,226008,1
51,225979,1
52,225982,1
53,225983,1
54,287630,1
55,287629,1
56,287633,1
57,225977,1
58,225975,1
59,225973,1
60,287628,1
61,287626,1
62,225972,1
63,225971,1
64,225970,1
65,225969,1
66,225968,1
67,287631,1
68,287632,1
69,213329,1
70,225604,1
71,225607,1
72,225602,1
73,225601,1
74,225600,1
75,225599,1
76,225598,1
77,225597,1
78,225595,1
79,225593,1
80,225594,1
81,200495,1
82,225592,1
83,225591,1
84,225590,1
85,225589,1
86,225588,1
87,115651,1
88,115660,1
89,115658,1
90,115657,1
91,3908,1
92,115652,1
93,3906,1
94,49077,1
95,225587,1
96,3907,1
97,225586,1
98,115659,1
99,225584,1
100,49072,1
101,225978,1
102,287627,1
103,225981,1
104,225987,1
105,225988,1
106,225603,1
107,114512,1
108,115654,1
109,115655,1
110,115662,1
111,115663,1
112,225583,1
113,287904,1
114,30039,1
115,30040,1
116,30041,1
117,30042,1
118,30043,1
119,30049,1
120,30048,1
121,30047,1
122,30046,1
123,30045,1
124,30044,1
125,242474,1
126,79355,1
127,30062,1
128,30061,1
129,30060,1
130,30059,1
131,30058,1
132,30057,1
133,30056,1
134,30055,1
135,30054,1
136,30053,1
137,30052,1
138,30051,1
139,30050,1
140,226003,1
141,226007,1
142,226026,1
143,226035,1
144,226036,1
145,229093,1
146,242667,1
147,277480,1
148,258428,1
149,276414,1
150,276415,1
151,276573,1
152,242750,1
153,242753,1
154,242754,1
155,230703,1
156,228209,1
157,230702,1
158,59417,1
159,29371,1
160,29370,1
161,29369,1
162,29368,1
163,100264,1
164,29366,1
165,100263,1
166,230701,1
167,29365,1
168,276587,1
169,276584,1
170,276583,1
171,276582,1
172,276581,1
173,242737,1
174,242743,1
175,242734,1
176,242740,1
177,242736,1
178,242742,1
179,242735,1
180,242741,1
181,242733,1
182,242739,1
183,242732,1
184,242738,1
185,29372,1
186,100268,1
187,228010,1
188,228009,1
189,29375,1
190,228011,1
191,29378,1
192,100276,1
193,276577,1
194,276576,1
195,276575,1
196,276578,1
197,276580,1
198,276579,1
199,230699,1
200,230700,1
201,242731,1
202,236189,1
203,236188,1
204,275863,1
205,275865,1
206,275864,1
207,8099,1
208,8097,1
209,79863,1
210,8094,1
211,242495,1
212,242494,1
213,79859,1
214,8091,1
215,242493,1
216,79701,1
217,8090,1
218,8098,1
219,79860,1
220,62356,1
221,79711,1
222,8089,1
223,62353,1
224,79864,1
225,8093,1
226,79861,1
227,79862,1
228,242500,1
229,8100,1
230,79865,1
231,229063,1
232,79873,1
233,79872,1
234,79871,1
235,79869,1
236,79868,1
237,79867,1
238,79866,1
239,79870,1
240,229785,1
241,229786,1
242,229787,1
243,229788,1
244,8102,1
245,107454,1
246,107453,1
247,107452,1
248,276804,1
249,227974,1
250,227985,1
251,227984,1
252,227983,1
253,227982,1
254,227981,1
255,227980,1
256,227977,1
257,227976,1
258,227975,1
259,62350,1
260,79891,1
261,62349,1
262,79890,1
263,98937,1
264,98927,1
265,242488,1
266,98931,1
267,98928,1
268,98924,1
269,98933,1
270,98925,1
271,242487,1
272,98930,1
273,98926,1
274,8084,1
275,8083,1
276,62348,1
277,79887,1
278,8082,1
279,79886,1
280,8081,1
281,79885,1
282,242485,1
283,79703,1
284,79884,1
285,79888,1
286,8080,1
287,79881,1
288,8079,1
289,79880,1
290,8078,1
291,79879,1
292,8077,1
293,79878,1
294,8076,1
295,79877,1
296,79704,1
297,79876,1
298,62352,1
299,79947,1
300,242498,1
301,230241,1
302,98948,1
303,98946,1
304,242489,1
305,98978,1
306,98979,1
307,98947,1
308,242490,1
309,8088,1
310,8087,1
311,8085,1
312,79892,1
313,242486,1
314,62347,1
315,242491,1
316,213384,1
317,242492,1
318,98943,1
319,98942,1
320,98941,1
321,96098,1
322,98940,1
323,98939,1
324,236598,1
325,236597,1
326,236596,1
327,236561,1
328,236595,1
329,236594,1
330,236593,1
331,230324,1
332,47908,1
333,47907,1
334,242497,1
335,8075,1
336,8074,1
337,79702,1
338,8071,1
339,229560,1
340,8073,1
341,275026,1
342,242496,1
343,229559,1
344,8101,1
345,276805,1
346,276806,1
347,276807,1
348,79875,1
349,47909,1
350,242499,1
351,228377,1
352,47910,1
353,275866,1
354,276808,1
355,226052,1
356,226051,1
357,226050,1
358,226053,1
359,174561,1
360,174560,1
361,174559,1
362,174566,1
363,174565,1
364,174556,1
365,226106,1
366,226105,1
367,174558,1
368,174557,1
369,226104,1
370,226103,1
371,226102,1
372,174555,1
373,174554,1
374,226099,1
375,226098,1
376,226097,1
377,226101,1
378,226100,1
379,175510,1
380,174568,1
381,174567,1
382,175512,1
383,175511,1
384,226095,1
385,226094,1
386,226093,1
387,226096,1
388,226133,1
389,226132,1
390,226131,1
391,226134,1
392,226129,1
393,226128,1
394,226127,1
395,226130,1
396,226125,1
397,226124,1
398,226123,1
399,226126,1
400,226121,1
401,226120,1
402,226119,1
403,226122,1
404,226117,1
405,226116,1
406,226115,1
407,226118,1
408,226113,1
409,226112,1
410,226111,1
411,226114,1
412,226109,1
413,226108,1
414,226107,1
415,226110,1
416,174541,1
417,174540,1
418,174546,1
419,174545,1
420,174544,1
421,174543,1
422,174542,1
423,174532,1
424,174539,1
425,174538,1
426,174537,1
427,174536,1
428,174535,1
429,97575,1
430,97574,1
431,174531,1
432,174530,1
433,174529,1
434,174528,1
435,168034,1
436,97568,1
437,97567,1
438,97573,1
439,97572,1
440,97571,1
441,97570,1
442,97569,1
443,174547,1
444,174552,1
445,174551,1
446,174550,1
447,174549,1
448,174548,1
449,226170,1
450,226168,1
451,226169,1
452,226166,1
453,226167,1
454,226165,1
455,226171,1
456,226164,1
457,175519,1
458,176830,1
459,226163,1
460,226161,1
461,226160,1
462,226159,1
463,226162,1
464,175517,1
465,175516,1
466,175515,1
467,175514,1
468,175513,1
469,226158,1
470,226157,1
471,176829,1
472,176828,1
473,176827,1
474,175520,1
475,226054,1
476,226057,1
477,226056,1
478,226055,1
479,226071,1
480,226070,1
481,226069,1
482,226068,1
483,226079,1
484,226076,1
485,226078,1
486,226075,1
487,226080,1
488,226077,1
489,226074,1
490,226073,1
491,226072,1
492,226085,1
493,226086,1
494,226083,1
495,226084,1
496,226081,1
497,226082,1
498,226091,1
499,226090,1
500,226089,1
501,226088,1
502,226087,1
503,226038,1
504,226037,1
505,226040,1
506,226039,1
507,275330,1
508,67896,1
509,98929,1
510,100262,1
511,100273,1
512,7946,1
513,8068,1
514,8069,1
515,8070,1
516,29373,1
517,62345,1
518,62346,1
519,62354,1
520,98944,1
521,98945,1
522,174534,1
523,226042,1
524,226043,1
525,226044,1
526,226045,1
527,226046,1
528,226047,1
529,226048,1
530,226049,1
531,226092,1
532,226135,1
533,226138,1
534,226139,1
535,226140,1
536,226141,1
537,226142,1
538,226143,1
539,226144,1
540,226145,1
541,226146,1
542,226147,1
543,226148,1
544,226149,1
545,226150,1
546,226151,1
547,226152,1
548,226153,1
549,226154,1
550,226155,1
551,226156,1
552,230322,1
553,242484,1
554,276585,1
555,276809,1
556,276810,1
557,276811,1
558,277525,1
559,277526,1
560,277527,1
561,277528,1
562,277529,1
563,277530,1
564,277531,1
565,277532,1
566,277533,1
567,277534,1
568,277535,1
569,277536,1
570,258494,1
571,1451,1
572,1452,1
573,24306,1
574,24307,1
575,24308,1
576,32,1
577,69,1
578,55,1
579,35,1
580,34,1
581,33,1
582,31,1
583,30,1
584,29,1
585,49,1
586,48,1
587,47,1
588,44,1
589,42,1
590,41,1
591,38,1
592,36,1
593,62,1
597,56,1
598,54,1
599,53,1
600,52,1
601,51,1
602,50,1
603,90,1
604,89,1
605,82,1
606,81,1
607,70,1
608,66,1
609,64,1
610,63,1
611,153,1
612,152,1
613,116,1
614,115,1
615,98,1
616,97,1
617,93,1
618,92,1
619,193,1
620,192,1
621,191,1
622,190,1
623,189,1
625,187,1
626,185,1
627,184,1
628,182,1
629,155,1
630,227,1
631,226,1
632,225,1
633,223,1
634,222,1
635,221,1
636,198,1
637,197,1
638,196,1
639,195,1
640,194,1
641,287,1
642,282,1
643,281,1
644,280,1
645,279,1
646,278,1
647,272,1
648,271,1
649,268,1
650,267,1
651,266,1
652,262,1
653,236,1
654,235,1
655,234,1
656,233,1
657,231,1
658,229,1
659,228,1
660,1624,1
661,1623,1
662,1622,1
663,1621,1
664,1620,1
665,1619,1
666,1617,1
667,1616,1
668,1615,1
669,1612,1
670,1611,1
671,1610,1
672,1606,1
673,1604,1
674,1603,1
675,1602,1
677,1633,1
678,1632,1
679,1631,1
680,1630,1
681,12882,1
682,12881,1
683,12880,1
684,12850,1
686,1640,1
687,3254,1
688,3234,1
689,12849,1
690,225922,1
691,225923,1
692,225924,1
693,225920,1
694,225925,1
695,225919,1
696,225921,1
697,288439,1
698,288440,1
699,288442,1
700,288443,1
701,288444,1
702,288445,1
703,288446,1
704,288447,1
705,288448,1
706,288449,1
707,230719,1
708,230720,1
709,230721,1
710,230722,1
711,230723,1
712,230724,1
713,235005,1
714,235006,1
715,235007,1
716,235008,1
717,235009,1
718,235010,1
719,235011,1
720,235012,1
721,235013,1
722,235014,1
723,235015,1
724,235016,1
725,235017,1
726,235018,1
727,235019,1
728,235020,1
729,235021,1
730,235022,1
731,235023,1
732,235024,1
733,235025,1
734,235026,1
735,235027,1
736,235028,1
737,235029,1
738,235030,1
739,235910,1
740,235911,1
741,235912,1
742,235913,1
743,235914,1
744,236169,1
745,236170,1
746,236171,1
747,236172,1
748,236173,1
749,236174,1
750,236175,1
751,236176,1
752,236177,1
753,236178,1
754,236179,1
755,236180,1
756,236181,1
757,236182,1
758,236183,1
759,236184,1
760,236185,1
761,236186,1
762,236187,1
763,236190,1
764,236192,1
765,236194,1
766,236195,1
767,236196,1
768,236197,1
769,236198,1
770,236199,1
771,236200,1
772,236201,1
773,236202,1
774,236204,1
775,236205,1
776,236206,1
777,236207,1
778,236208,1
779,236209,1
780,236210,1
781,236211,1
782,236212,1
783,236213,1
784,236214,1
785,236215,1
786,236216,1
787,236217,1
788,236218,1
789,236219,1
790,236220,1
791,236221,1
792,236222,1
793,236223,1
794,236224,1
795,236225,1
796,236291,1
797,236292,1
798,236534,1
799,236535,1
800,236536,1
801,236537,1
802,236539,1
803,236540,1
804,236541,1
805,236611,1
806,236613,1
807,237076,1
808,237077,1
809,237078,1
810,237079,1
811,237080,1
812,237082,1
813,237083,1
814,237084,1
815,237085,1
816,237086,1
817,242515,1
818,242744,1
819,242745,1
820,242746,1
821,242747,1
822,242748,1
823,242749,1
824,242755,1
825,242757,1
826,242758,1
827,242759,1
828,242760,1
829,242761,1
830,242762,1
831,242770,1
832,242771,1
833,242773,1
834,242774,1
835,242775,1
836,242776,1
837,242777,1
838,252007,1
839,252008,1
840,252428,1
841,252429,1
842,252430,1
843,252431,1
844,252432,1
845,252433,1
846,252434,1
847,252435,1
848,252436,1
849,252437,1
850,252438,1
851,252439,1
852,252440,1
853,252441,1
854,252442,1
855,252443,1
856,252444,1
857,252445,1
858,252446,1
859,252447,1
860,252448,1
861,252449,1
862,252450,1
863,252452,1
864,252453,1
865,252454,1
866,252455,1
867,252456,1
868,252457,1
869,252459,1
870,252460,1
871,252461,1
872,252462,1
873,252463,1
874,252464,1
875,252465,1
876,252466,1
877,252468,1
878,252469,1
879,252470,1
880,252471,1
881,252472,1
882,252473,1
883,252474,1
884,252475,1
885,252476,1
886,252477,1
887,252478,1
888,252479,1
889,252480,1
890,252481,1
891,252482,1
892,252483,1
893,252484,1
894,252485,1
895,252486,1
896,252487,1
897,252488,1
898,252489,1
899,252490,1
900,252491,1
901,252492,1
902,252493,1
903,257684,1
904,257685,1
905,258213,1
906,258217,1
907,258218,1
908,258219,1
909,258220,1
910,258221,1
911,258222,1
912,258223,1
913,258232,1
914,258233,1
915,258234,1
916,258235,1
917,258236,1
918,258237,1
919,258238,1
920,258239,1
921,258240,1
922,258241,1
923,258321,1
924,258322,1
925,258323,1
926,258324,1
927,258325,1
928,258326,1
929,258327,1
930,258328,1
931,258329,1
932,258330,1
933,258331,1
934,258333,1
935,258334,1
936,258335,1
937,258336,1
938,258337,1
939,258338,1
940,258339,1
941,258340,1
942,258341,1
943,258342,1
944,258343,1
945,258344,1
946,258345,1
947,258346,1
948,258347,1
949,258348,1
950,258349,1
951,258350,1
952,258356,1
953,258357,1
954,258358,1
955,258359,1
956,258360,1
957,258361,1
958,258362,1
959,258367,1
960,258368,1
961,258369,1
962,258370,1
963,258371,1
964,258372,1
965,258373,1
966,258380,1
967,258381,1
968,258382,1
969,258383,1
971,258386,1
972,258439,1
973,276814,1
974,286581,1
975,286582,1
976,286583,1
977,258385,1
978,225960,1
979,225961,1
980,225962,1
981,225963,1
982,225964,1
983,225965,1
984,225966,1
985,225952,1
986,225953,1
987,225954,1
988,225955,1
989,225956,1
990,225957,1
991,225958,1
992,225959,1
993,225933,1
994,225934,1
995,225935,1
996,225936,1
997,225937,1
998,225938,1
999,225939,1
1000,225940,1
1001,225941,1
1002,225942,1
1003,225943,1
1004,225944,1
1005,225945,1
1006,225946,1
1007,225948,1
1008,225949,1
1009,225950,1
1010,225951,1
1011,116668,1
1012,116669,1
1013,225890,1
1014,225891,1
1015,225892,1
1016,225894,1
1017,225895,1
1018,225896,1
1019,225897,1
1020,225898,1
1021,225899,1
1022,225900,1
1023,225901,1
1024,225902,1
1025,225903,1
1026,225904,1
1027,225905,1
1028,225907,1
1029,225908,1
1030,225909,1
1031,225910,1
1032,225911,1
1033,225912,1
1034,225913,1
1035,225914,1
1036,225916,1
1037,225917,1
1038,225918,1
1039,225926,1
1040,225927,1
1041,225928,1
1042,225929,1
1043,225930,1
1044,225931,1
1045,225932,1
1046,225893,1
1047,116613,1
1048,116612,1
1049,116611,1
1050,116610,1
1051,116609,1
1052,116608,1
1053,13039,1
1054,13042,1
1055,13171,1
1056,13173,1
1057,80704,1
1058,13174,1
1059,87157,1
1060,87158,1
1061,87159,1
1062,87160,1
1063,236538,1
1064,288597,1
1065,288598,1
1066,288599,1
1067,288600,1
1068,288601,1
1069,288602,1
1070,288603,1
1071,225732,1
1072,225733,1
1073,225734,1
1074,225735,1
1075,225736,1
1076,225737,1
1077,225738,1
1078,225739,1
1079,225740,1
1080,225741,1
1081,225742,1
1082,225743,1
1083,225744,1
1084,225745,1
1085,225746,1
1086,225747,1
1087,225748,1
1088,225749,1
1089,225750,1
1090,225751,1
1091,225752,1
1092,225753,1
1093,225754,1
1094,225755,1
1095,225756,1
1096,225757,1
1097,225758,1
1098,225759,1
1099,225760,1
1100,225761,1
1101,225762,1
1102,225763,1
1103,225764,1
1104,225765,1
1105,225766,1
1106,225767,1
1107,225768,1
1108,225769,1
1109,225770,1
1110,225771,1
1111,225772,1
1112,225773,1
1113,225774,1
1114,225775,1
1115,225776,1
1116,225777,1
1117,225778,1
1118,225779,1
1119,225780,1
1120,225781,1
1121,225782,1
1122,225783,1
1123,225784,1
1124,225785,1
1125,225786,1
1126,225787,1
1127,225788,1
1128,225789,1
1129,225790,1
1130,225791,1
1131,225792,1
1132,225793,1
1133,225794,1
1134,225795,1
1135,225796,1
1136,225797,1
1137,225798,1
1138,225799,1
1139,225800,1
1140,225801,1
1141,225802,1
1142,225803,1
1143,225804,1
1144,225805,1
1145,225806,1
1146,225807,1
1147,225808,1
1148,225809,1
1149,225810,1
1150,225811,1
1151,225812,1
1152,225813,1
1153,225814,1
1154,225815,1
1155,225816,1
1156,225817,1
1157,225818,1
1158,225819,1
1159,225820,1
1160,225821,1
1161,225822,1
1162,225823,1
1163,225824,1
1164,225825,1
1165,225826,1
1166,225827,1
1167,225828,1
1168,225829,1
1169,225830,1
1170,225831,1
1171,225832,1
1172,225833,1
1173,225834,1
1174,225835,1
1175,225836,1
1176,225837,1
1177,225838,1
1178,225839,1
1179,225840,1
1180,225841,1
1181,225842,1
1182,225843,1
1183,225844,1
1184,225845,1
1185,225846,1
1186,225847,1
1187,225848,1
1188,225849,1
1189,225850,1
1190,225851,1
1191,225852,1
1192,225853,1
1193,225854,1
1194,225855,1
1195,225856,1
1196,225857,1
1197,225858,1
1198,225859,1
1199,225860,1
1200,225861,1
1201,225862,1
1202,225863,1
1203,225864,1
1204,225865,1
1205,225866,1
1206,225867,1
1207,225868,1
1208,225869,1
1209,225870,1
1210,225871,1
1211,225872,1
1212,225873,1
1213,225874,1
1214,225875,1
1215,225876,1
1216,225877,1
1217,225878,1
1218,225879,1
1219,225880,1
1220,225881,1
1221,225882,1
1222,225884,1
1223,225885,1
1224,225886,1
1225,225887,1
1226,228772,1
1227,229062,1
1228,229572,1
1229,229574,1
1230,229576,1
1231,229577,1
1232,229578,1
1233,229579,1
1234,229580,1
1235,229581,1
1236,229582,1
1237,229583,1
1238,229585,1
1239,229588,1
1240,229589,1
1241,229590,1
1242,229591,1
1243,229592,1
1244,229593,1
1245,229594,1
1246,229595,1
1247,229596,1
1248,229599,1
1249,229600,1
1250,229601,1
1251,229807,1
1252,230725,1
1253,242778,1
1254,258600,1
1255,258601,1
1256,225883,1
1257,229575,1
1258,229597,1
1259,229598,1
1260,282792,1
1261,284252,1
1262,284253,1
1263,284254,1
1264,284255,1
1265,284256,1
1266,284257,1
1267,284258,1
1268,284259,1
1269,284260,1
1270,284261,1
1271,284262,1
1272,284263,1
1273,284264,1
1274,284265,1
1275,284266,1
1276,284267,1
1277,284268,1
1278,284269,1
1279,284270,1
1280,284271,1
1281,284272,1
1282,284273,1
1283,284274,1
1284,284275,1
1285,284276,1
1286,284277,1
1287,284278,1
1288,284279,1
1289,284280,1
1290,284281,1
1291,284282,1
1292,284283,1
1293,284284,1
1294,284285,1
1295,284286,1
1296,284287,1
1297,284288,1
1298,284289,1
1299,284290,1
1300,284291,1
1301,284292,1
1302,284293,1
1303,284294,1
1304,284295,1
1305,284296,1
1306,284297,1
1307,284298,1
1308,284299,1
1309,284300,1
1310,284301,1
1311,284302,1
1312,284303,1
1313,284304,1
1314,284305,1
1315,284306,1
1316,284307,1
1317,284308,1
1318,284309,1
1319,284310,1
1320,284311,1
1321,284312,1
1322,284313,1
1323,284314,1
1324,287396,1
1325,24231,1
1326,24313,1
1327,24312,1
1328,24311,1
1329,24310,1
1330,24309,1
1331,258493,1
1332,258495,1
1333,258496,1
1334,258497,1
1335,258498,1
1336,258499,1
1337,258500,1
1338,258501,1
1339,237104,1
1340,24315,1
1341,24314,1
1342,225476,1
1343,225474,1
1344,225473,1
1345,225472,1
1346,161679,1
1347,141015,1
1348,98923,1
1349,98922,1
1350,98921,1
1351,86654,1
1352,86653,1
1353,47934,1
1354,47933,1
1355,47932,1
1356,47931,1
1357,47930,1
1358,47929,1
1359,288988,1
1360,288989,1
1361,288991,1
1362,288992,1
1363,288995,1
1366,19001,1
1367,19002,1
1368,19004,1
1369,19005,1
1370,19182,1
1371,19543,1
1372,19544,1
1373,19562,1
1374,19563,1
1375,19564,1
1376,20848,1
1377,20849,1
1378,20851,1
1379,20852,1
1380,20853,1
1381,20855,1
1382,20856,1
1383,20857,1
1384,20858,1
1385,20859,1
1386,33158,1
1387,33159,1
1388,33160,1
1389,33161,1
1390,33162,1
1391,33163,1
1392,33164,1
1393,33165,1
1394,33166,1
1395,33167,1
1396,33168,1
1397,33169,1
1398,33171,1
1399,33172,1
1400,33173,1
1401,33174,1
1402,33175,1
1403,33176,1
1404,33177,1
1405,33178,1
1406,33179,1
1407,33343,1
1408,33344,1
1409,33345,1
1410,33346,1
1411,33347,1
1412,33348,1
1413,33349,1
1414,33350,1
1415,33351,1
1416,33352,1
1417,33353,1
1418,33354,1
1419,33355,1
1420,33357,1
1421,33358,1
1422,33360,1
1423,33361,1
1424,33362,1
1425,33363,1
1426,33364,1
1427,33365,1
1428,33366,1
1429,33367,1
1430,33368,1
1431,33369,1
1432,33370,1
1433,33371,1
1434,33372,1
1435,33373,1
1436,33374,1
1437,33375,1
1438,33376,1
1439,33377,1
1440,33378,1
1441,33379,1
1442,33380,1
1443,33384,1
1444,33385,1
1445,33386,1
1446,33387,1
1447,33388,1
1448,33390,1
1449,33391,1
1450,33392,1
1451,33393,1
1452,33394,1
1453,33395,1
1454,33396,1
1455,33397,1
1456,33399,1
1458,33402,1
1459,33403,1
1460,33404,1
1461,33405,1
1462,33406,1
1463,33407,1
1464,33409,1
1465,33410,1
1466,33411,1
1467,33412,1
1468,33413,1
1469,33414,1
1470,33415,1
1471,33416,1
1472,33417,1
1473,33418,1
1474,33421,1
1475,33422,1
1476,33423,1
1477,33424,1
1478,33425,1
1479,33426,1
1480,33428,1
1481,33431,1
1482,33432,1
1483,33433,1
1484,33434,1
1485,33435,1
1486,33436,1
1487,33437,1
1488,33442,1
1489,33443,1
1490,33447,1
1491,33452,1
1492,33453,1
1493,33454,1
1494,33455,1
1495,33456,1
1496,33457,1
1497,33458,1
1498,33459,1
1499,33460,1
1500,33462,1
1501,33463,1
1502,33464,1
1503,33465,1
1504,33466,1
1505,33467,1
1506,33468,1
1507,33469,1
1508,33470,1
1509,33471,1
1510,33472,1
1511,33473,1
1512,33474,1
1513,33475,1
1514,33476,1
1515,33477,1
1516,33478,1
1517,33479,1
1518,33480,1
1519,33481,1
1520,33482,1
1521,33484,1
1522,33485,1
1523,33486,1
1524,33487,1
1525,33488,1
1526,33489,1
1527,33490,1
1528,33491,1
1529,33492,1
1530,33493,1
1531,33494,1
1532,33495,1
1533,33496,1
1534,33497,1
1535,33498,1
1536,33499,1
1537,33500,1
1538,33501,1
1539,33502,1
1540,33503,1
1541,33504,1
1542,33505,1
1543,33506,1
1544,33507,1
1545,33509,1
1546,33510,1
1547,33511,1
1548,33512,1
1549,33513,1
1550,33514,1
1551,33515,1
1552,33516,1
1553,33517,1
1554,33518,1
1555,33519,1
1556,33520,1
1557,33521,1
1558,33522,1
1559,33523,1
1560,33525,1
1561,33526,1
1562,33527,1
1563,33529,1
1564,33530,1
1565,33532,1
1566,33533,1
1567,33534,1
1568,33535,1
1569,33536,1
1570,33537,1
1571,33538,1
1572,33539,1
1573,33540,1
1574,33541,1
1575,33542,1
1576,33543,1
1577,33544,1
1578,33545,1
1579,33546,1
1580,33547,1
1581,33548,1
1582,33549,1
1583,33550,1
1584,33551,1
1585,33552,1
1586,33553,1
1587,33555,1
1588,33556,1
1589,33557,1
1590,33558,1
1591,33559,1
1592,33562,1
1593,33563,1
1594,33564,1
1595,33565,1
1596,33566,1
1597,33567,1
1598,33569,1
1599,33570,1
1600,33571,1
1601,33572,1
1602,33573,1
1603,33574,1
1604,33575,1
1605,33576,1
1606,33577,1
1607,33578,1
1608,33579,1
1609,33580,1
1610,33581,1
1611,33582,1
1612,33583,1
1613,33584,1
1614,33585,1
1615,33586,1
1616,33587,1
1617,33588,1
1618,33589,1
1619,33593,1
1620,33594,1
1621,33595,1
1622,33596,1
1623,33599,1
1624,33601,1
1625,33602,1
1626,33603,1
1627,33604,1
1628,33605,1
1629,33606,1
1630,33607,1
1631,33608,1
1632,36458,1
1633,36459,1
1634,36461,1
1635,76779,1
1636,78083,1
1637,79948,1
1638,80821,1
1639,82322,1
1640,88982,1
1641,88983,1
1642,102198,1
1643,161495,1
1644,202424,1
1645,213576,1
1646,228916,1
1647,230350,1
1648,230351,1
1649,230352,1
1650,230353,1
1651,230354,1
1652,230356,1
1653,230357,1
1654,230358,1
1655,230359,1
1656,230360,1
1657,230361,1
1658,230362,1
1659,230363,1
1660,230364,1
1661,230365,1
1662,230366,1
1663,230367,1
1664,230368,1
1665,230369,1
1666,230370,1
1667,230371,1
1668,230372,1
1669,230373,1
1670,230374,1
1671,230375,1
1672,230376,1
1673,230377,1
1674,230378,1
1675,235885,1
1676,242518,1
1677,242519,1
1678,242520,1
1679,242521,1
1680,242522,1
1681,242523,1
1682,242524,1
1683,242525,1
1684,242526,1
1685,242527,1
1686,242528,1
1687,242529,1
1688,242530,1
1689,242531,1
1690,242532,1
1691,242533,1
1692,242534,1
1693,242535,1
1694,242668,1
1695,242669,1
1696,242670,1
1697,242671,1
1698,242672,1
1699,242673,1
1700,242674,1
1701,242675,1
1702,242676,1
1703,242677,1
1704,242678,1
1705,242679,1
1706,242680,1
1707,242681,1
1708,242682,1
1709,242683,1
1710,242684,1
1711,242685,1
1712,242686,1
1713,242687,1
1714,242688,1
1715,242689,1
1716,242690,1
1717,242691,1
1718,242692,1
1719,242693,1
1720,242694,1
1721,242695,1
1722,242696,1
1723,242697,1
1724,242698,1
1725,242700,1
1726,242701,1
1727,242702,1
1728,242703,1
1729,242704,1
1730,242705,1
1731,242706,1
1732,242707,1
1733,242710,1
1734,242711,1
1735,242712,1
1736,242713,1
1737,242714,1
1738,257244,1
1739,276400,1
1740,276401,1
1741,276402,1
1742,276403,1
1743,276404,1
1744,276405,1
1745,276406,1
1746,276407,1
1747,276408,1
1748,276409,1
1749,276410,1
1750,276411,1
1751,276412,1
1752,276413,1
1753,289006,1
1754,8072,1
1755,275025,1
1756,275024,1
1757,275023,1
1758,275022,1
1759,275021,1
1760,275020,1
1761,275019,1
1762,275018,1
1763,275028,1
1764,289261,1
1765,289262,1
1766,289263,1
1767,289264,1
1768,289265,1
1769,289266,1
1770,289267,1
1771,289268,1
1772,289269,1
1773,289270,1
1774,55480,1
1775,55481,1
1776,55482,1
1777,289271,1
1778,289272,1
1779,289273,1
1780,25031,1
1781,25030,1
1782,235031,1
1783,24319,1
1784,24318,1
1785,25045,1
1786,36406,1
1787,25035,1
1788,289411,1
1789,289412,1
1790,24317,1
1791,289413,1
1792,289414,1
1793,289415,1
1794,289416,1
1795,289417,1
1796,289420,1
1797,289421,1
1798,21587,1
1799,23392,1
1800,22736,1
1801,22750,1
1802,22759,1
1803,450,1
1804,449,1
1805,448,1
1806,447,1
1807,446,1
1808,445,1
1809,444,1
1810,439,1
1811,438,1
1812,437,1
1813,436,1
1814,435,1
1815,433,1
1816,462,1
1817,461,1
1818,460,1
1819,459,1
1820,456,1
1821,455,1
1822,454,1
1823,453,1
1824,452,1
1825,451,1
1826,463,1
1827,464,1
1828,465,1
1829,466,1
1830,467,1
1831,468,1
1832,482,1
1833,481,1
1834,480,1
1835,479,1
1836,488,1
1837,487,1
1838,485,1
1839,484,1
1840,483,1
1841,496,1
1842,495,1
1843,494,1
1844,493,1
1845,492,1
1846,490,1
1847,502,1
1848,500,1
1849,499,1
1850,498,1
1851,497,1
1852,522,1
1853,521,1
1854,520,1
1855,519,1
1856,518,1
1857,517,1
1858,516,1
1859,515,1
1860,3677,1
1861,3643,1
1862,3591,1
1863,229860,1
1864,229859,1
1865,229858,1
1866,229852,1
1867,229818,1
1868,229876,1
1869,229874,1
1870,229873,1
1871,229872,1
1872,229871,1
1873,229868,1
1874,229867,1
1875,229866,1
1876,229865,1
1877,229864,1
1878,229863,1
1879,229862,1
1880,229861,1
1881,229991,1
1882,229990,1
1883,229989,1
1884,229988,1
1885,229987,1
1886,229986,1
1887,229892,1
1888,229891,1
1889,229890,1
1890,229889,1
1891,229888,1
1892,229887,1
1893,229886,1
1894,229885,1
1895,229884,1
1896,229883,1
1897,229882,1
1898,229881,1
1899,229880,1
1900,229879,1
1901,229878,1
1902,229877,1
1903,61736,1
1904,61735,1
1905,61733,1
1906,61732,1
1907,57127,1
1908,57126,1
1909,57124,1
1910,45497,1
1911,45496,1
1912,45495,1
1913,43381,1
1914,43380,1
1915,42428,1
1916,42427,1
1917,42426,1
1918,42415,1
1919,33049,1
1920,23393,1
1921,23391,1
1922,23390,1
1923,23389,1
1924,23388,1
1925,23387,1
1926,22782,1
1927,22781,1
1928,22780,1
1929,22779,1
1930,22778,1
1931,22776,1
1932,22775,1
1933,22774,1
1934,22773,1
1935,22772,1
1936,22771,1
1937,22769,1
1938,22768,1
1939,22767,1
1940,22766,1
1941,22764,1
1942,22763,1
1943,22761,1
1944,22760,1
1945,22753,1
1946,22751,1
1947,257886,1
1948,257885,1
1949,257884,1
1950,257883,1
1951,257882,1
1952,257881,1
1953,257880,1
1954,257879,1
1955,257878,1
1956,257877,1
1957,257876,1
1958,257875,1
1959,257874,1
1960,257872,1
1961,257871,1
1962,257870,1
1963,257869,1
1964,257868,1
1965,257867,1
1966,252006,1
1967,252005,1
1968,252004,1
1969,252003,1
1970,235953,1
1971,230200,1
1972,230199,1
1973,230198,1
1974,230197,1
1975,228467,1
1976,202187,1
1977,202186,1
1978,67663,1
1979,67662,1
1980,67661,1
1981,67660,1
1982,67659,1
1983,61740,1
1984,61739,1
1985,61738,1
1986,61737,1
1987,67108,1
1988,67107,1
1989,66350,1
1990,66348,1
1991,66349,1
1992,67655,1
1993,67654,1
1994,67653,1
1995,67652,1
1996,67651,1
1997,67650,1
1998,67649,1
1999,67648,1
2000,67647,1
2001,67113,1
2002,67111,1
2003,67110,1
2004,67678,1
2005,67677,1
2006,67676,1
2007,67674,1
2008,67672,1
2009,67671,1
2010,67669,1
2011,67668,1
2012,67667,1
2013,67666,1
2014,67665,1
2015,225396,1
2016,225394,1
2017,67702,1
2018,67701,1
2019,67700,1
2020,67699,1
2021,67698,1
2022,67697,1
2023,67696,1
2024,67695,1
2025,67694,1
2026,67693,1
2027,67692,1
2028,67690,1
2029,67689,1
2030,67688,1
2031,67687,1
2032,67686,1
2033,67685,1
2034,67684,1
2035,67683,1
2036,67682,1
2037,67681,1
2038,67680,1
2039,424,1
2040,423,1
2041,422,1
2042,421,1
2043,420,1
2044,693,1
2045,692,1
2046,691,1
2047,688,1
2048,687,1
2049,678,1
2050,677,1
2052,675,1
2053,674,1
2054,425,1
2055,20775,1
2056,20774,1
2057,20773,1
2058,20772,1
2059,20771,1
2060,20769,1
2061,7769,1
2062,20812,1
2063,20811,1
2064,20803,1
2065,20802,1
2066,20801,1
2067,20800,1
2068,20799,1
2069,202189,1
2070,177669,1
2071,177668,1
2072,177667,1
2073,54788,1
2074,54787,1
2075,54785,1
2076,54784,1
2077,36407,1
2078,36405,1
2079,36404,1
2080,21435,1
2081,21396,1
2082,21395,1
2083,21393,1
2084,21392,1
2085,21391,1
2086,21384,1
2087,21035,1
2088,20983,1
2089,20846,1
2090,20845,1
2091,227732,1
2092,227731,1
2093,227730,1
2094,227729,1
2095,229739,1
2096,229738,1
2097,229737,1
2098,229736,1
2099,229735,1
2100,229734,1
2101,229733,1
2102,229732,1
2103,229731,1
2104,229730,1
2105,229628,1
2106,229627,1
2107,229626,1
2108,587,1
2109,589,1
2110,1672,1
2111,1673,1
2112,45566,1
2113,31399,1
2114,132381,1
2115,202495,1
2116,45577,1
2117,55028,1
2118,67852,1
2119,67853,1
2120,67854,1
2121,3439,1
2122,1498,1
2124,3431,1
2125,3436,1
2126,3441,1
2127,3443,1
2128,3448,1
2129,3449,1
2130,3451,1
2131,6189,1
2132,12994,1
2133,12995,1
2134,12999,1
2135,13000,1
2136,13001,1
2137,13002,1
2138,13003,1
2139,13005,1
2140,13006,1
2141,13007,1
2142,13008,1
2143,19747,1
2144,19748,1
2145,19749,1
2146,19751,1
2147,19753,1
2148,23702,1
2149,30016,1
2150,32585,1
2151,45542,1
2152,45543,1
2153,45544,1
2154,45547,1
2155,45548,1
2156,45549,1
2157,45552,1
2158,45555,1
2159,45556,1
2160,45557,1
2161,45558,1
2162,45559,1
2163,45562,1
2164,45563,1
2165,45564,1
2166,45565,1
2167,45567,1
2168,45568,1
2169,45569,1
2170,45570,1
2171,45571,1
2172,45572,1
2173,45573,1
2174,45580,1
2175,45581,1
2176,45582,1
2177,45583,1
2178,45585,1
2179,45586,1
2180,45587,1
2181,45588,1
2182,45589,1
2183,45590,1
2184,45591,1
2185,45592,1
2186,45598,1
2187,45599,1
2188,50024,1
2189,50025,1
2190,50026,1
2191,50027,1
2192,55027,1
2193,56368,1
2194,58353,1
2195,67706,1
2196,67707,1
2197,67845,1
2198,67847,1
2199,67848,1
2200,67849,1
2201,76927,1
2202,76928,1
2203,76929,1
2204,76930,1
2205,76931,1
2206,76932,1
2207,81313,1
2208,81314,1
2209,82635,1
2210,82638,1
2211,82639,1
2212,83508,1
2213,84310,1
2214,84794,1
2215,111698,1
2216,111699,1
2217,132380,1
2218,200502,1
2219,200728,1
2220,200729,1
2221,200730,1
2222,226301,1
2223,226302,1
2224,226304,1
2225,226305,1
2226,226306,1
2227,226307,1
2228,226308,1
2229,226309,1
2230,226310,1
2231,226311,1
2233,226736,1
2234,226740,1
2235,226770,1
2236,252539,1
2237,286717,1
2238,287378,1
2239,287398,1
2240,1494,1
2241,3437,1
2242,3438,1
2243,8045,1
2244,13009,1
2245,13010,1
2246,13011,1
2247,19743,1
2248,19744,1
2249,19745,1
2250,19746,1
2251,19750,1
2252,19754,1
2253,23656,1
2254,23658,1
2255,45545,1
2256,45546,1
2257,45551,1
2258,45553,1
2259,45560,1
2260,45561,1
2261,45578,1
2262,45579,1
2263,45600,1
2264,45601,1
2265,45602,1
2266,45603,1
2267,45604,1
2268,55888,1
2269,55889,1
2270,68548,1
2271,82636,1
2272,82637,1
2273,82640,1
2274,114508,1
2275,226303,1
2276,226737,1
2277,226738,1
2278,226739,1
2279,226764,1
2280,226765,1
2281,226766,1
2282,226767,1
2283,226768,1
2284,226769,1
2285,226771,1
2286,226772,1
2287,227204,1
2288,227205,1
2289,227206,1
2290,227207,1
2291,227208,1
2292,227209,1
2293,227210,1
2294,227211,1
2295,227212,1
2296,227213,1
2297,229801,1
2298,47960,1
2299,47936,1
2300,47937,1
2301,47938,1
2302,47939,1
2303,47940,1
2304,47941,1
2305,47942,1
2306,47943,1
2307,47944,1
2308,47945,1
2309,47946,1
2310,47947,1
2311,47948,1
2312,47949,1
2313,47950,1
2314,47951,1
2315,47952,1
2316,47953,1
2317,47954,1
2318,47955,1
2319,47956,1
2320,47957,1
2321,47958,1
2322,47959,1
2323,47961,1
2324,47962,1
2325,47963,1
2326,47964,1
2327,47965,1
2328,47966,1
2329,47967,1
2330,47968,1
2331,47969,1
2332,47970,1
2333,47971,1
2334,113194,1
2335,113195,1
2336,113196,1
2337,113197,1
2338,113198,1
2339,113199,1
2340,229271,1
2341,200500,1
2342,92749,1
2343,92750,1
2344,92747,1
2345,258365,1
2346,258363,1
2347,258364,1
2348,93679,1
2349,93680,1
2350,93668,1
2351,93667,1
2352,93663,1
2353,93662,1
2354,93661,1
2355,93660,1
2356,93659,1
2357,92751,1
2358,92746,1
2359,92744,1
2360,92720,1
2361,84543,1
2362,92722,1
2363,92721,1
2364,84538,1
2365,84542,1
2366,258366,1
2367,93674,1
2368,93673,1
2369,93675,1
2370,93672,1
2371,93671,1
2372,93670,1
2373,93669,1
2374,92669,1
2375,92729,1
2376,92726,1
2377,92728,1
2378,92727,1
2379,92737,1
2380,92736,1
2381,92739,1
2382,92735,1
2383,92733,1
2384,230341,1
2385,230342,1
2386,230343,1
2387,230344,1
2388,230345,1
2389,230346,1
2390,230347,1
2391,230348,1
2392,230349,1
2393,258352,1
2394,258353,1
2395,258354,1
2396,258355,1
2397,84061,1
2398,92724,1
2399,92730,1
2400,92731,1
2401,92734,1
2402,92738,1
2403,230718,1
2404,230717,1
2405,227399,1
2406,18952,1
2407,18954,1
2408,18956,1
2409,286784,1
2410,18958,1
2411,137246,1
2412,18953,1
2413,286787,1
2414,137254,1
2415,18959,1
2416,137247,1
2417,286783,1
2418,236371,1
2419,137244,1
2420,67897,1
2421,67898,1
2422,67899,1
2423,230716,1
2424,286782,1
2425,137252,1
2426,18997,1
2427,17503,1
2428,137249,1
2429,45305,1
2430,18996,1
2431,286932,1
2432,137241,1
2433,18998,1
2434,18967,1
2435,286931,1
2436,18962,1
2437,18968,1
2438,286930,1
2439,286788,1
2440,18977,1
2441,45308,1
2442,286785,1
2443,137253,1
2444,286786,1
2445,67638,1
2446,67639,1
2447,18981,1
2448,67640,1
2449,67641,1
2450,67643,1
2451,18980,1
2452,67644,1
2453,18983,1
2454,286934,1
2455,67646,1
2456,286935,1
2457,67645,1
2458,18970,1
2459,286933,1
2460,18971,1
2461,45307,1
2462,137243,1
2463,275170,1
2464,275169,1
2465,275168,1
2466,275167,1
2467,275166,1
2468,257703,1
2469,257702,1
2470,298646,1
2471,298647,1
2472,298648,1
2473,298649,1
2474,298650,1
2475,298652,1
2476,298653,1
2477,298788,1
2478,298789,1
2479,298790,1
2480,298791,1
2481,298792,1
2482,3576,1
2483,3574,1
2484,3573,1
2485,3582,1
2486,3583,1
2487,7569,1
2488,7568,1
2489,3581,1
2490,3580,1
2491,3571,1
2492,3570,1
2493,3577,1
2494,3569,1
2495,3575,1
2496,3588,1
2497,3587,1
2498,3586,1
2499,3584,1
2500,3590,1
2501,3589,1
2502,6370,1
2503,6366,1
2504,6369,1
2505,6365,1
2506,6368,1
2507,6364,1
2508,6367,1
2509,81162,1
2510,81163,1
2511,82328,1
2512,81155,1
2513,81166,1
2514,81159,1
2515,229235,1
2516,284831,1
2517,229234,1
2518,284837,1
2519,284834,1
2520,284833,1
2521,284841,1
2522,284842,1
2523,284843,1
2524,284828,1
2525,284829,1
2526,284832,1
2527,284830,1
2528,284835,1
2529,284836,1
2530,284838,1
2531,284839,1
2532,284840,1
2533,109545,1
2534,109543,1
2535,109544,1
2536,109546,1
2537,225364,1
2538,109547,1
2539,229207,1
2540,229206,1
2541,108662,1
2542,108663,1
2543,109542,1
2544,229208,1
2545,200504,1
2546,32436,1
2547,229233,1
2548,229209,1
2549,21557,1
2550,21563,1
2551,21558,1
2552,21561,1
2553,21556,1
2554,85922,1
2555,8188,1
2556,8190,1
2557,8185,1
2558,8179,1
2559,226419,1
2560,8165,1
2561,284348,1
2562,284347,1
2563,8164,1
2564,8171,1
2565,85917,1
2566,8154,1
2567,8174,1
2568,85925,1
2569,32434,1
2570,8177,1
2571,32435,1
2572,229205,1
2573,108656,1
2574,108658,1
2575,21547,1
2576,21545,1
2577,87137,1
2578,227275,1
2579,227654,1
2580,8139,1
2581,8141,1
2582,108652,1
2583,108607,1
2584,108597,1
2585,108596,1
2586,108594,1
2587,108592,1
2588,8160,1
2589,86586,1
2590,8132,1
2591,108598,1
2592,62647,1
2593,108651,1
2594,86640,1
2595,108649,1
2596,108650,1
2597,108604,1
2598,108605,1
2599,108599,1
2600,200498,1
2601,225980,1
2602,108647,1
2603,86398,1
2604,108645,1
2605,108593,1
2606,8162,1
2607,42465,1
2608,229220,1
2609,108601,1
2610,108602,1
2611,108603,1
2612,229203,1
2613,229204,1
2614,108659,1
2615,42463,1
2616,32445,1
2617,229202,1
2618,229201,1
2619,87141,1
2620,8202,1
2621,87142,1
2622,87146,1
2623,87145,1
2624,8203,1
2625,87140,1
2626,87138,1
2627,8200,1
2628,8194,1
2629,40221,1
2630,8199,1
2631,8198,1
2632,8192,1
2633,87143,1
2634,8191,1
2635,8197,1
2636,8201,1
2637,8195,1
2638,87144,1
2639,82813,1
2640,229228,1
2641,229229,1
2642,225605,1
2643,225606,1
2644,229224,1
2645,229223,1
2646,229222,1
2647,229226,1
2648,229225,1
2649,229212,1
2650,229213,1
2651,229218,1
2652,229219,1
2653,229215,1
2654,229217,1
2655,229210,1
2656,229211,1
2657,2234,1
2658,32367,1
2659,1862,1
2660,32270,1
2661,32271,1
2662,2224,1
2663,2228,1
2664,2226,1
2665,2227,1
2666,2229,1
2667,2225,1
2668,2223,1
2669,2242,1
2670,1694,1
2671,230713,1
2672,2216,1
2673,2213,1
2674,2214,1
2675,2219,1
2676,2218,1
2677,228414,1
2678,222782,1
2679,50930,1
2680,31850,1
2681,31846,1
2682,50929,1
2683,50928,1
2684,50925,1
2685,50924,1
2686,32381,1
2687,282789,1
2688,282790,1
2689,32378,1
2690,282786,1
2691,282787,1
2692,282788,1
2693,32372,1
2694,32374,1
2695,32370,1
2696,2138,1
2697,32323,1
2698,2147,1
2699,2144,1
2700,230714,1
2701,230710,1
2702,32329,1
2703,32326,1
2704,2110,1
2705,2107,1
2706,2109,1
2707,2108,1
2708,2106,1
2709,2105,1
2710,32325,1
2711,2251,1
2712,2250,1
2713,2249,1
2714,32302,1
2715,2254,1
2716,252536,1
2717,257243,1
2718,230708,1
2719,230709,1
2720,31894,1
2721,31896,1
2722,32358,1
2723,31895,1
2724,31891,1
2725,31889,1
2726,230711,1
2727,230712,1
2728,252538,1
2729,252537,1
2730,87721,1
2731,229857,1
2732,31856,1
2733,32448,1
2734,31857,1
2735,2279,1
2736,282791,1
2737,177670,1
2738,2246,1
2739,2075,1
2740,2074,1
2741,2243,1
2742,2073,1
2743,2072,1
2744,32355,1
2745,2071,1
2746,2245,1
2747,2157,1
2748,2240,1
2749,2164,1
2750,2163,1
2751,2067,1
2752,2166,1
2753,2165,1
2754,2241,1
2755,31862,1
2756,97398,1
2757,2090,1
2758,2091,1
2759,2070,1
2760,2155,1
2761,2239,1
2762,2036,1
2763,32392,1
2764,31858,1
2765,34930,1
2766,2158,1
2767,2068,1
2768,2162,1
2769,2069,1
2770,298929,1
2771,32348,1
2772,50927,1
2773,2161,1
2774,2156,1
2775,2033,1
2776,31859,1
2777,31861,1
2778,50922,1
2779,2111,1
2780,97400,1
2781,97403,1
2782,97402,1
2783,243550,1
2784,2160,1
2785,2159,1
2786,32328,1
2787,2238,1
2788,32352,1
2789,2237,1
2790,1692,1
2791,32307,1
2792,2217,1
2793,50923,1
2794,32379,1
2795,228415,1
2796,32376,1
2797,32375,1
2798,32377,1
2799,32380,1
2800,2011,1
2801,31900,1
2802,31901,1
2803,2150,1
2804,2128,1
2805,2102,1
2806,2104,1
2807,2103,1
2808,2101,1
2809,32327,1
2810,2255,1
2811,2253,1
2812,2277,1
2813,97399,1
2814,31890,1
2815,87722,1
2816,97401,1
2817,2060,1
2818,74459,1
2819,2204,1
2820,2203,1
2821,2205,1
2822,177671,1
2823,32330,1
2824,32331,1
2825,32292,1
2826,32293,1
2827,32285,1
2828,32289,1
2829,32281,1
2830,32284,1
2831,32298,1
2832,32291,1
2833,32297,1
2834,32296,1
2835,32290,1
2836,31898,1
2837,32356,1
2838,285925,1
2839,285884,1
2840,285885,1
2841,285924,1
2842,285886,1
2843,285923,1
2844,285922,1
2845,284844,1
2846,285888,1
2847,285887,1
2848,285883,1
2849,108654,1
2850,84305,1
2851,258567,1
2852,8182,1
2853,298934,1
2854,3585,1
2855,3578,1
2856,93681,1
2857,93677,1
2858,93666,1
2859,93664,1
2860,277197,1
2861,284647,1
2862,284646,1
2863,258506,1
2864,258505,1
2865,258492,1
2866,258487,1
2867,257735,1
2868,257737,1
2869,257736,1
2870,229741,1
2871,257739,1
2872,257738,1
2873,229806,1
2874,257741,1
2875,257743,1
2876,257744,1
2877,257753,1
2878,257751,1
2879,257750,1
2880,257752,1
2881,257755,1
2882,257754,1
2883,257698,1
2884,257694,1
2885,257695,1
2886,257697,1
2887,257700,1
2888,257699,1
2889,257696,1
2890,257693,1
2891,284667,1
2892,284663,1
2893,284657,1
2894,284660,1
2895,284644,1
2896,284652,1
2897,284651,1
2898,284673,1
2899,284650,1
2900,284645,1
2901,284674,1
2902,284648,1
2903,284649,1
2904,284653,1
2905,284661,1
2906,284668,1
2907,284670,1
2908,284669,1
2909,284664,1
2910,284666,1
2911,284665,1
2912,284658,1
2913,284662,1
2914,284659,1
2915,284654,1
2916,284656,1
2917,284655,1
2918,284672,1
2919,284671,1
2920,258504,1
2921,258503,1
2922,258502,1
2923,258489,1
2924,258488,1
2925,258474,1
2926,258483,1
2927,258479,1
2928,258478,1
2929,258473,1
2930,229746,1
2931,229745,1
2932,229747,1
2933,229748,1
2934,227239,1
2935,227236,1
2936,227235,1
2937,277340,1
2938,277339,1
2939,277337,1
2940,277338,1
2941,277341,1
2942,258457,1
2943,258458,1
2944,258215,1
2945,258454,1
2946,258452,1
2947,258216,1
2948,258456,1
2949,258453,1
2950,258455,1
2951,257758,1
2952,257757,1
2953,257759,1
2954,257760,1
2955,257764,1
2956,257761,1
2957,257762,1
2958,257763,1
2959,298953,1
2960,80487,1
2961,25024,1
2962,25023,1
2963,25022,1
2964,25020,1
2965,25019,1
2966,24962,1
2967,25013,1
2968,80485,1
2969,80484,1
2970,80483,1
2971,80482,1
2972,236304,1
2973,80480,1
2974,24965,1
2975,24964,1
2976,236299,1
2977,25017,1
2978,236302,1
2979,3849,1
2980,3851,1
2981,3708,1
2982,84345,1
2983,25015,1
2984,12992,1
2985,25016,1
2986,80327,1
2987,80476,1
2988,80475,1
2989,80474,1
2990,80326,1
2991,89100,1
2992,89099,1
2993,25071,1
2994,24961,1
2995,80486,1
2996,24960,1
2997,24959,1
2998,24958,1
2999,80324,1
3000,24957,1
3001,236298,1
3002,236301,1
3003,25065,1
3004,80498,1
3005,25058,1
3006,25070,1
3007,25069,1
3008,25064,1
3009,25063,1
3010,236293,1
3011,25062,1
3012,25061,1
3013,25060,1
3014,84343,1
3015,80479,1
3016,80325,1
3017,25059,1
3018,277189,1
3019,227228,1
3020,89098,1
3021,80478,1
3022,25068,1
3023,25067,1
3024,80477,1
3025,25066,1
3026,80488,1
3027,277192,1
3028,236303,1
3029,25072,1
3030,84346,1
3031,277191,1
3032,84344,1
3033,84348,1
3034,84347,1
3035,277193,1
3036,236297,1
3037,277190,1
3038,236300,1
3039,236294,1
3040,236296,1
3041,25018,1
3042,67703,1
3043,67704,1
3044,299091,1
3045,299092,1
3046,67705,1
3047,67900,1
3048,67901,1
3049,67903,1
3050,67902,1
3051,67904,1
3052,67909,1
3053,67906,1
3054,67907,1
3055,67908,1
3056,230288,1
3057,230258,1
3058,230257,1
3059,230256,1
3060,230255,1
3061,67914,1
3062,67915,1
3063,67913,1
3064,67912,1
3065,67911,1
3066,67910,1
3067,230289,1
3068,230292,1
3069,230291,1
3070,230290,1
3071,299220,1
3072,299329,1
3073,299330,1
3074,299331,1
3075,299332,1
3076,299333,1
3077,299334,1
3078,299335,1
3079,299336,1
3080,299351,1
3081,299352,1
3082,299353,1
3083,55192,1
3084,54790,1
3085,55164,1
3086,55165,1
3087,55166,1
3088,55167,1
3089,55168,1
3090,55169,1
3091,55170,1
3092,55171,1
3093,154888,1
3094,155208,1
3095,55194,1
3096,55195,1
3097,55193,1
3098,55112,1
3099,55113,1
3100,55114,1
3101,55115,1
3102,55104,1
3103,55105,1
3104,55106,1
3105,55107,1
3106,55050,1
3107,55051,1
3108,55052,1
3109,55053,1
3110,55054,1
3111,55075,1
3112,55076,1
3113,55077,1
3114,55078,1
3115,55079,1
3116,55080,1
3117,55081,1
3118,55082,1
3119,55083,1
3120,55084,1
3121,55045,1
3122,55046,1
3123,55047,1
3124,55048,1
3125,55049,1
3126,55070,1
3127,55071,1
3128,55072,1
3129,55073,1
3130,55074,1
3131,55100,1
3132,55101,1
3133,55102,1
3134,55103,1
3135,55136,1
3136,55137,1
3137,55138,1
3138,55139,1
3139,55132,1
3140,55133,1
3141,55134,1
3142,55135,1
3143,55144,1
3144,55145,1
3145,55146,1
3146,55147,1
3147,55152,1
3148,55153,1
3149,55154,1
3150,55155,1
3151,55148,1
3152,55149,1
3153,55150,1
3154,55151,1
3155,55160,1
3156,55161,1
3157,55162,1
3158,55163,1
3159,55156,1
3160,55157,1
3161,55158,1
3162,55159,1
3163,55124,1
3164,55127,1
3165,55128,1
3166,55129,1
3167,55125,1
3168,55131,1
3169,55040,1
3170,55041,1
3171,55042,1
3172,55043,1
3173,55044,1
3174,55172,1
3175,55173,1
3176,55174,1
3177,55175,1
3178,55176,1
3179,55177,1
3180,55178,1
3181,55179,1
3182,55180,1
3183,55181,1
3184,55182,1
3185,55183,1
3186,55184,1
3187,55185,1
3188,55186,1
3189,55187,1
3190,55188,1
3191,55189,1
3192,55190,1
3193,55191,1
3194,55003,1
3195,55004,1
3196,54979,1
3197,54977,1
3198,54981,1
3199,54980,1
3200,54972,1
3201,54975,1
3202,54978,1
3203,54976,1
3204,54973,1
3205,91324,1
3206,54974,1
3207,54970,1
3208,54969,1
3209,54968,1
3210,54967,1
3211,54966,1
3212,54962,1
3213,54963,1
3214,54964,1
3215,54994,1
3216,54995,1
3217,54996,1
3218,54992,1
3219,54993,1
3220,55002,1
3221,54986,1
3222,54985,1
3223,54984,1
3224,54983,1
3225,54982,1
3226,55001,1
3227,55000,1
3228,54999,1
3229,54998,1
3230,54997,1
3231,299508,1
3232,299509,1
3233,299510,1
3234,299511,1
3235,299512,1
3236,299513,1
3237,299514,1
3238,45536,1
3239,45516,1
3240,45515,1
3241,45523,1
3242,45522,1
3243,45521,1
3244,45520,1
3245,45519,1
3246,45518,1
3247,45530,1
3248,45529,1
3249,45527,1
3250,45526,1
3251,45525,1
3252,45538,1
3253,45535,1
3254,45534,1
3255,45533,1
3256,45531,1
3257,230240,1
3258,7751,1
3259,230239,1
3260,7750,1
3261,230238,1
3262,7749,1
3263,228015,1
3264,230230,1
3265,1664,1
3266,1668,1
3267,19742,1
3268,7752,1
3269,1667,1
3270,1663,1
3271,7757,1
3272,299518,1
3273,7758,1
3274,7765,1
3275,7759,1
3276,7762,1
3277,7763,1
3278,7754,1
3279,230235,1
3280,7753,1
3281,230237,1
3282,230236,1
3283,7764,1
3284,1662,1
3285,299519,1
3286,230229,1
3287,299520,1
3288,1661,1
3289,299521,1
3290,1659,1
3291,299522,1
3292,230228,1
3293,230226,1
3294,230224,1
3295,299523,1
3296,230227,1
3297,7760,1
3298,7761,1
3299,230232,1
3300,230231,1
3301,7768,1
3302,7767,1
3303,7766,1
3304,6528,1
3305,299524,1
3306,230233,1
3307,7755,1
3308,230222,1
3309,230223,1
3310,230225,1
3311,1657,1
3312,7756,1
3313,1658,1
3314,299526,1
3315,230234,1
3316,56729,1
3317,56726,1
3318,56727,1
3319,56724,1
3320,56728,1
3321,56718,1
3322,56716,1
3323,56719,1
3324,56730,1
3325,56720,1
3326,56721,1
3327,56722,1
3328,56723,1
3329,56725,1
3330,56708,1
3331,56710,1
3332,56712,1
3333,56714,1
3334,25493,1
3335,25497,1
3336,25491,1
3337,123218,1
3338,25498,1
3339,25496,1
3340,25495,1
3341,25494,1
3342,55463,1
3343,55459,1
3344,55460,1
3345,55462,1
3346,55461,1
3347,6748,1
3348,6747,1
3349,1641,1
3350,6746,1
3351,6749,1
3352,6750,1
3353,6751,1
3354,6752,1
3355,6754,1
3356,6755,1
3357,20129,1
3358,20130,1
3359,20131,1
3360,20132,1
3361,20133,1
3362,20134,1
3363,20135,1
3364,20137,1
3365,20138,1
3366,20139,1
3367,20140,1
3368,20141,1
3369,20142,1
3370,20143,1
3371,20230,1
3372,20231,1
3373,20232,1
3374,20233,1
3375,20234,1
3376,20235,1
3377,20242,1
3378,20243,1
3379,20244,1
3380,61268,1
3381,61269,1
3382,61270,1
3383,61271,1
3384,86261,1
3385,86262,1
3386,86266,1
3387,86267,1
3388,86269,1
3389,86271,1
3390,86275,1
3391,86280,1
3392,86282,1
3393,86283,1
3394,86284,1
3395,86285,1
3396,86286,1
3397,86287,1
3398,86288,1
3399,86289,1
3400,86290,1
3401,86291,1
3402,86329,1
3403,86330,1
3404,86331,1
3405,86332,1
3406,86333,1
3407,86334,1
3408,86335,1
3409,86336,1
3410,226240,1
3411,226241,1
3412,226242,1
3414,3280,1
3415,3291,1
3416,3293,1
3417,3294,1
3418,3299,1
3419,3301,1
3420,3303,1
3421,3306,1
3423,3308,1
3424,3309,1
3425,3323,1
3426,3324,1
3427,3328,1
3428,3330,1
3429,3331,1
3430,3333,1
3431,3337,1
3432,3340,1
3433,3341,1
3434,3342,1
3435,3343,1
3436,3345,1
3437,3348,1
3438,6651,1
3439,6652,1
3440,6653,1
3441,6654,1
3442,6656,1
3443,6660,1
3444,6661,1
3445,6664,1
3446,7691,1
3447,8031,1
3448,8032,1
3449,12989,1
3450,12990,1
3451,12991,1
3452,16434,1
3453,16440,1
3454,16442,1
3455,16447,1
3456,16454,1
3457,16457,1
3458,16458,1
3459,16459,1
3460,16460,1
3461,16462,1
3462,16463,1
3463,16464,1
3464,16465,1
3465,16466,1
3466,16742,1
3467,16746,1
3468,16747,1
3469,17047,1
3470,17054,1
3471,17055,1
3472,17056,1
3473,17064,1
3474,17068,1
3475,17086,1
3476,17116,1
3477,17117,1
3478,17118,1
3479,17119,1
3480,17120,1
3481,17125,1
3482,17126,1
3483,17127,1
3484,17169,1
3485,17170,1
3486,17171,1
3487,41834,1
3488,41835,1
3489,41836,1
3490,83509,1
3491,200490,1
3492,98936,1
3493,299674,1
3494,299675,1
3495,299676,1
3496,98935,1
3497,55380,1
3498,55929,1
3499,55928,1
3500,55927,1
3501,55948,1
3502,55947,1
3503,55946,1
3504,55945,1
3505,55944,1
3506,55943,1
3507,55942,1
3508,55941,1
3509,55937,1
3510,55935,1
3511,55934,1
3512,55930,1
3513,55953,1
3514,55951,1
3515,55950,1
3516,299813,1
3517,299843,1
3518,299844,1
3519,299846,1
3520,299847,1
3521,299848,1
3522,299849,1
3523,299850,1
3524,299851,1
3525,299852,1
3526,299853,1
3527,299854,1
3528,77445,1
3529,55446,1
3530,299855,1
3531,299856,1
3532,299858,1
3533,230287,1
3534,230316,1
3535,23652,1
3536,227410,1
3537,230318,1
3538,227507,1
3539,230294,1
3540,230319,1
3541,230299,1
3542,23654,1
3543,230310,1
3544,230296,1
3546,230301,1
3547,230295,1
3549,230300,1
3550,230302,1
3551,23643,1
3552,230312,1
3553,230313,1
3554,230305,1
3555,230308,1
3556,23641,1
3557,230311,1
3558,227561,1
3559,230315,1
3560,230309,1
3561,230306,1
3562,230298,1
3563,230297,1
3564,227547,1
3565,230320,1
3566,230321,1
3567,23642,1
3568,230303,1
3569,23640,1
3570,275722,1
3571,275725,1
3572,300181,1
3573,226667,1
3574,226663,1
3575,226664,1
3576,226662,1
3577,83437,1
3578,226665,1
3579,226661,1
3580,226666,1
3581,186113,1
3582,226726,1
3583,226725,1
3584,226724,1
3585,226476,1
3586,226475,1
3587,226474,1
3588,226479,1
3589,226478,1
3590,226728,1
3591,226729,1
3592,226723,1
3593,226471,1
3594,226721,1
3595,226477,1
3596,226727,1
3597,226472,1
3598,226722,1
3599,226730,1
3600,226473,1
3601,226731,1
3602,226591,1
3603,226601,1
3604,226613,1
3605,226612,1
3606,226611,1
3607,226610,1
3608,226607,1
3609,226699,1
3610,226698,1
3611,226600,1
3612,226597,1
3613,226592,1
3614,226593,1
3615,226602,1
3616,226603,1
3617,226594,1
3618,226604,1
3619,226590,1
3620,226588,1
3621,226586,1
3622,226582,1
3623,226696,1
3624,226583,1
3625,226581,1
3626,226579,1
3627,226576,1
3628,226693,1
3629,226692,1
3630,226691,1
3631,226574,1
3632,226573,1
3633,226572,1
3634,226690,1
3635,226571,1
3636,226569,1
3637,226614,1
3638,226616,1
3639,226615,1
3640,226688,1
3641,226568,1
3642,226567,1
3643,226565,1
3644,226564,1
3645,226686,1
3646,226563,1
3647,226685,1
3648,226560,1
3649,226575,1
3650,226570,1
3651,226561,1
3652,226609,1
3653,226608,1
3654,226606,1
3655,226599,1
3656,226598,1
3657,226596,1
3658,226595,1
3659,226605,1
3660,226589,1
3661,226587,1
3662,226697,1
3663,226585,1
3664,226584,1
3665,226580,1
3666,226578,1
3667,226577,1
3668,226695,1
3669,226694,1
3670,226689,1
3671,226566,1
3672,226687,1
3673,226562,1
3674,226669,1
3675,226488,1
3676,226500,1
3677,226668,1
3678,226487,1
3679,226486,1
3680,226551,1
3681,226679,1
3682,226550,1
3683,226549,1
3684,91357,1
3685,226548,1
3686,226547,1
3687,226535,1
3688,226684,1
3689,226559,1
3690,226683,1
3691,226546,1
3692,226557,1
3693,226558,1
3694,226556,1
3695,83181,1
3696,226681,1
3697,226680,1
3698,226545,1
3699,226543,1
3700,226542,1
3701,109570,1
3702,226540,1
3703,226553,1
3704,226536,1
3705,226544,1
3706,226541,1
3707,226532,1
3708,226529,1
3709,226524,1
3710,6238,1
3711,226521,1
3712,6235,1
3713,226518,1
3714,6230,1
3715,226513,1
3716,6219,1
3717,226502,1
3718,6227,1
3719,226510,1
3720,6224,1
3721,226507,1
3722,6215,1
3723,226677,1
3724,6210,1
3725,226672,1
3726,226533,1
3727,6203,1
3728,226491,1
3729,6202,1
3730,226485,1
3731,6197,1
3732,226480,1
3733,226531,1
3734,226530,1
3735,226528,1
3736,226527,1
3737,6239,1
3738,226522,1
3739,6237,1
3740,226520,1
3741,6236,1
3742,226519,1
3743,6234,1
3744,226517,1
3745,6233,1
3746,226516,1
3747,226682,1
3748,226555,1
3749,226554,1
3750,226552,1
3751,226539,1
3752,226538,1
3753,226537,1
3754,226526,1
3755,226525,1
3756,6240,1
3757,226523,1
3758,6232,1
3759,226515,1
3760,6231,1
3761,226514,1
3762,6221,1
3763,226504,1
3764,6212,1
3765,226674,1
3766,6199,1
3767,226482,1
3768,6229,1
3769,226512,1
3770,6218,1
3771,226499,1
3772,6209,1
3773,226497,1
3774,6208,1
3775,226496,1
3776,6216,1
3777,226678,1
3778,6214,1
3779,226676,1
3780,6207,1
3781,226495,1
3782,6201,1
3783,226484,1
3784,6228,1
3785,226511,1
3786,6226,1
3787,226509,1
3788,6225,1
3789,226508,1
3790,6223,1
3791,226506,1
3792,6222,1
3793,226505,1
3794,6220,1
3795,226503,1
3796,6213,1
3797,226675,1
3798,6211,1
3799,226673,1
3800,6206,1
3801,226494,1
3802,6204,1
3803,226492,1
3804,6217,1
3805,226498,1
3806,226534,1
3807,6205,1
3808,226493,1
3809,6200,1
3810,226483,1
3811,6198,1
3812,226481,1
3813,226622,1
3814,226621,1
3815,226710,1
3816,226706,1
3817,226639,1
3818,226701,1
3819,226629,1
3820,226623,1
3821,226617,1
3822,226711,1
3823,226650,1
3824,226707,1
3825,226640,1
3826,226651,1
3827,226708,1
3828,226641,1
3829,226634,1
3830,226633,1
3831,226632,1
3832,226630,1
3833,226654,1
3834,226628,1
3835,226627,1
3836,226625,1
3837,226619,1
3838,226635,1
3839,226653,1
3840,226713,1
3841,226652,1
3842,226712,1
3843,226709,1
3844,226649,1
3845,72408,1
3846,226648,1
3847,226647,1
3848,226646,1
3849,226645,1
3850,226644,1
3851,226643,1
3852,226705,1
3853,226642,1
3854,226704,1
3855,226638,1
3856,226703,1
3857,226637,1
3858,226636,1
3859,226702,1
3860,226631,1
3861,226700,1
3862,226626,1
3863,226624,1
3864,226620,1
3865,226618,1
3866,257673,1
3867,257670,1
3868,257671,1
3869,226658,1
3870,226656,1
3871,226657,1
3872,226659,1
3873,226655,1
3874,226660,1
3875,5762,1
3876,20489,1
3877,20488,1
3878,5761,1
3879,5754,1
3880,213382,1
3881,226449,1
3882,226466,1
3883,226465,1
3884,226464,1
3885,226463,1
3886,226469,1
3887,226462,1
3888,226461,1
3889,226460,1
3890,226459,1
3891,226458,1
3892,226468,1
3893,226457,1
3894,226456,1
3895,226454,1
3896,226453,1
3897,226452,1
3898,226451,1
3899,226450,1
3900,226467,1
3901,226447,1
3902,226446,1
3903,226445,1
3904,226444,1
3905,226443,1
3906,226720,1
3907,226470,1
3908,213378,1
3909,284323,1
3910,284322,1
3911,275726,1
3912,284329,1
3913,284316,1
3914,284330,1
3915,284319,1
3916,284331,1
3917,284320,1
3918,284321,1
3919,185564,1
3920,237133,1
3921,284332,1
3922,284324,1
3923,284328,1
3924,284318,1
3925,284327,1
3926,284317,1
3927,300183,1
3928,300241,1
3929,300242,1
3930,300243,1
3931,300244,1
3932,300245,1
3933,299857,1
3934,300445,1
3935,300446,1
3936,300447,1
3937,300448,1
3938,300449,1
3939,300450,1
3940,300451,1
3941,300452,1
3942,300453,1
3943,300454,1
3944,300455,1
3945,300456,1
3946,300457,1
3947,300458,1
3948,300459,1
3949,300460,1
3950,300461,1
3951,300462,1
3952,300463,1
3953,300464,1
3954,300465,1
3955,300466,1
3956,300467,1
3957,300468,1
3958,252507,1
3959,242709,1
3960,242708,1
3961,237380,1
3962,300824,1
3963,300825,1
3964,300827,1
3965,300828,1
3966,300829,1
3967,300830,1
3968,300831,1
3969,300832,1
3970,300833,1
3971,300834,1
3972,300835,1
3973,300836,1
3974,300837,1
3975,300907,1
3976,236346,1
3977,236347,1
3978,236349,1
3979,236350,1
3980,236351,1
3981,236352,1
3982,236354,1
3983,236356,1
3984,236357,1
3985,236358,1
3986,236359,1
3987,236360,1
3988,236361,1
3989,236362,1
3990,236363,1
3991,236364,1
3992,236365,1
3993,236366,1
3994,236367,1
3995,236368,1
3996,236369,1
3997,300941,1
3998,300967,1
3999,301051,1
4000,301080,1
4001,301081,1
4002,301082,1
4003,301083,1
4004,301084,1
4005,301085,1
4006,227961,1
4007,227962,1
4008,227960,1
4009,227958,1
4010,227957,1
4011,227971,1
4012,227969,1
4013,227968,1
4014,227967,1
4015,227966,1
4016,227965,1
4017,227963,1
4018,301183,1
4019,301200,1
4020,301201,1
4021,6589,1
4022,6590,1
4023,21586,1
4024,21585,1
4025,91323,1
4026,91325,1
4027,91326,1
4028,91327,1
4029,91328,1
4030,91329,1
4031,91330,1
4032,91331,1
4033,91332,1
4034,91333,1
4035,91334,1
4036,91335,1
4037,91336,1
4038,91337,1
4039,91338,1
4040,91339,1
4041,91340,1
4042,91341,1
4043,91342,1
4044,91343,1
4045,91344,1
4046,91345,1
4047,91346,1
4048,91347,1
4049,91348,1
4050,91349,1
4051,91350,1
4052,91351,1
4053,91352,1
4054,91353,1
4055,91354,1
4056,91355,1
4057,91356,1
4058,91437,1
4059,181281,1
4060,181282,1
4061,181283,1
4062,181284,1
4063,226221,1
4064,226222,1
4065,226223,1
4066,226224,1
4067,226225,1
4068,237406,1
4069,237407,1
4070,237408,1
4071,301408,1
4072,301414,1
4073,301415,1
4074,301416,1
4075,301563,1
4076,301804,1
4077,301805,1
4078,301806,1
4079,301807,1
4080,301808,1
4081,301809,1
4082,301810,1
4083,6669,1
4084,6553,1
4085,6552,1
4086,6551,1
4087,80684,1
4088,80683,1
4089,80682,1
4090,80681,1
4091,80680,1
4092,80679,1
4093,80678,1
4094,80677,1
4095,80676,1
4096,80675,1
4097,80685,1
4098,80686,1
4099,80687,1
4100,80688,1
4101,80689,1
4102,80690,1
4103,80691,1
4104,80692,1
4105,80694,1
4106,80703,1
4107,80702,1
4108,80701,1
4109,80700,1
4110,80699,1
4111,80698,1
4112,80697,1
4113,80696,1
4114,80695,1
4115,80705,1
4116,80706,1
4117,80707,1
4118,80708,1
4119,80709,1
4120,80710,1
4121,80711,1
4122,80712,1
4123,80713,1
4124,80714,1
4125,80715,1
4126,80716,1
4127,80717,1
4128,80718,1
4129,80719,1
4130,80720,1
4131,80721,1
4132,80722,1
4133,80723,1
4134,80724,1
4135,80726,1
4136,80727,1
4137,80728,1
4138,80729,1
4139,80730,1
4140,80731,1
4141,80732,1
4142,80733,1
4143,80734,1
4144,80735,1
4145,80736,1
4146,80737,1
4147,80738,1
4148,80739,1
4149,80740,1
4150,80741,1
4151,80742,1
4152,81090,1
4153,81091,1
4154,81092,1
4155,81093,1
4156,81094,1
4157,81095,1
4158,81096,1
4159,81097,1
4160,81098,1
4161,81099,1
4162,81100,1
4163,82504,1
4164,82598,1
4165,82599,1
4166,82600,1
4167,82606,1
4168,82605,1
4169,82604,1
4170,82601,1
4171,82602,1
4172,82603,1
4173,258397,1
4174,301956,1
4175,301957,1
4176,82607,1
4177,82608,1
4178,82609,1
4179,82611,1
4180,82610,1
4181,82612,1
4182,82622,1
4183,82621,1
4184,82620,1
4185,82619,1
4186,82613,1
4187,82616,1
4188,82617,1
4189,82618,1
4190,82614,1
4191,82615,1
4192,302110,1
4193,302111,1
4194,302114,1
4195,302231,1
4196,302232,1
4197,302233,1
4198,302234,1
4199,302235,1
4200,302236,1
4201,302237,1
4202,302238,1
4203,302239,1
4204,302240,1
4205,302241,1
4206,302242,1
4207,302243,1
4208,302244,1
4209,302246,1
4210,302247,1
4211,302248,1
4212,302249,1
4213,302251,1
4214,302252,1
4215,302253,1
4216,302254,1
4217,302255,1
4218,302256,1
4219,302257,1
4220,302258,1
4221,302259,1
4222,302260,1
4223,302261,1
4224,302262,1
4225,302397,1
4226,302398,1
4227,302399,1
4228,302400,1
4229,20758,1
4230,20716,1
4231,96656,1
4232,20733,1
4233,20757,1
4234,20717,1
4235,20712,1
4236,20709,1
4237,20708,1
4238,20764,1
4239,20761,1
4240,20762,1
4241,20763,1
4242,20704,1
4243,20715,1
4244,20750,1
4245,20731,1
4246,20706,1
4247,20705,1
4248,20711,1
4249,20710,1
4250,20707,1
4251,20759,1
4252,20760,1
4253,20714,1
4254,20734,1
4255,20701,1
4256,20749,1
4257,20713,1
4258,20702,1
4259,20703,1
4260,20732,1
4261,6580,1
4262,6585,1
4263,6579,1
4264,302551,1
4265,302552,1
4266,302560,1
4267,302561,1
4268,302564,1
4269,276796,1
4270,276591,1
4271,276590,1
4272,276589,1
4273,276588,1
4274,276797,1
4275,276798,1
4276,276801,1
4277,276799,1
4278,276812,1
4279,276802,1
4280,276800,1
4281,277039,1
4282,277040,1
4283,277041,1
4284,277042,1
4285,277043,1
4286,277044,1
4287,277045,1
4288,277046,1
4289,277050,1
4290,277051,1
4291,276813,1
4292,277174,1
4293,277173,1
4294,277172,1
4295,277201,1
4296,277200,1
4297,277199,1
4298,277198,1
4299,302848,1
4300,277196,1
4301,277195,1
4302,302890,1
4303,302891,1
4304,302892,1
4305,302893,1
4306,302894,1
4307,302895,1
4308,302896,1
4309,302897,1
4310,302898,1
4311,302899,1
4312,302900,1
4313,302902,1
4314,302903,1
4315,302904,1
4316,302905,1
4317,303044,1
4318,303045,1
4319,303046,1
4320,303047,1
4321,303048,1
4322,303049,1
4323,303050,1
4324,303051,1
4325,303052,1
4326,303053,1
4327,303054,1
4328,303055,1
4329,303056,1
4330,303057,1
4331,12730,1
4332,7736,1
4333,237707,1
4334,12745,1
4335,12746,1
4336,60687,1
4337,303214,1
4338,303215,1
4339,303216,1
4340,303217,1
4341,303218,1
4342,303220,1
4343,303221,1
4344,303222,1
4345,303223,1
4346,303224,1
4347,303225,1
4348,303226,1
4349,303227,1
4350,303228,1
4351,303229,1
4352,303230,1
4353,303231,1
4354,303058,1
4355,303492,1
4356,303494,1
4357,303495,1
4358,303496,1
4359,303497,1
4360,303498,1
4361,303499,1
4362,303500,1
4363,303501,1
4364,303502,1
4365,303503,1
4366,303504,1
4367,303505,1
4368,303506,1
4369,303507,1
4370,303508,1
4371,303509,1
4372,303510,1
4373,303511,1
4374,303513,1
4375,303650,1
4376,303651,1
4377,303652,1
4378,303653,1
4379,303654,1
4380,303655,1
4381,303656,1
4382,303657,1
4383,303663,1
4384,303664,1
4385,303665,1
4386,50990,1
4387,50988,1
4388,50987,1
4389,6360,1
4390,87891,1
4391,87885,1
4392,87884,1
4393,87883,1
4394,87882,1
4395,87881,1
4396,87880,1
4397,87879,1
4398,87878,1
4399,87877,1
4400,20493,1
4401,6359,1
4402,20492,1
4403,20491,1
4404,6361,1
4405,97561,1
4406,97560,1
4407,97562,1
4408,200616,1
4409,29998,1
4410,36202,1
4411,30445,1
4412,29997,1
4413,1871,1
4414,227970,1
4415,29996,1
4416,36201,1
4417,30444,1
4418,29995,1
4419,1874,1
4420,1870,1
4421,29975,1
4422,1873,1
4423,36204,1
4424,30447,1
4425,20494,1
4426,29992,1
4427,29994,1
4428,36203,1
4429,30446,1
4430,29993,1
4431,1872,1
4432,1869,1
4433,12706,1
4434,12698,1
4435,12720,1
4436,12719,1
4437,23405,1
4438,12709,1
4439,12708,1
4440,12729,1
4441,12726,1
4442,12728,1
4443,12727,1
4444,1844,1
4445,368,1
4446,367,1
4447,366,1
4448,384,1
4449,237343,1
4450,237704,1
4451,237705,1
4452,237706,1
4453,226295,1
4454,226296,1
4455,226297,1
4456,226298,1
4457,226299,1
4458,226300,1
4459,226288,1
4460,226287,1
4461,226286,1
4462,226294,1
4463,226293,1
4464,226292,1
4465,226291,1
4466,226290,1
4467,226289,1
4468,226285,1
4469,229630,1
4470,226282,1
4471,131405,1
4472,226284,1
4473,84503,1
4474,226283,1
4475,93658,1
4476,56297,1
4477,56296,1
4478,93657,1
4479,8003,1
4480,60693,1
4481,93656,1
4482,60685,1
4483,55841,1
4484,60684,1
4485,60681,1
4486,409,1
4487,376,1
4488,50040,1
4489,50034,1
4490,50033,1
4491,60691,1
4492,50031,1
4493,50032,1
4494,23407,1
4495,229742,1
4496,12722,1
4497,50093,1
4498,60690,1
4499,12739,1
4500,12738,1
4501,12704,1
4502,50046,1
4503,6592,1
4504,12718,1
4505,7634,1
4506,60688,1
4507,60689,1
4508,12696,1
4509,17149,1
4510,12699,1
4511,23406,1
4512,12712,1
4513,6402,1
4514,6462,1
4515,12710,1
4516,6403,1
4517,12702,1
4518,365,1
4519,12740,1
4520,23404,1
4521,12701,1
4522,12715,1
4523,403,1
4524,404,1
4525,402,1
4526,401,1
4527,400,1
4528,12723,1
4529,395,1
4530,12703,1
4531,414,1
4532,411,1
4533,382,1
4534,302901,1
4535,229749,1
4536,229744,1
4537,304087,1
4538,304088,1
4539,304089,1
4540,304428,1
4541,304430,1
4542,304431,1
4543,304432,1
4544,304433,1
4545,304434,1
4546,304435,1
4547,304436,1
4548,108648,1
4549,304439,1
4550,304812,1
4551,305127,1
4552,305652,1
4553,305661,1
4554,305663,1
4555,305746,1
4556,305747,1
4557,305775,1
4558,305782,1
4559,305783,1
4560,305784,1
4561,305785,1
4562,305786,1
4563,230337,1
4564,305787,1
4565,305788,1
4566,305789,1
4567,305790,1
4568,305791,1
4569,305792,1
4570,305793,1
4571,305794,1
4572,305795,1
4573,305797,1
4574,305798,1
4575,305799,1
4576,305800,1
4577,305801,1
4578,6939,1
4579,6924,1
4580,6923,1
4581,6922,1
4582,6928,1
4583,6927,1
4584,3261,1
4585,6932,1
4586,6930,1
4587,6468,1
4588,6936,1
4589,6937,1
4590,6476,1
4591,6915,1
4592,6470,1
4593,6916,1
4594,6914,1
4595,8137,1
4596,242780,1
4597,306060,1
4598,13232,1
4599,23409,1
4600,306061,1
4601,13235,1
4602,58111,1
4603,79709,1
4604,79708,1
4605,79707,1
4606,79706,1
4607,79705,1
4608,58113,1
4609,306062,1
4610,58307,1
4611,13239,1
4612,305667,1
4613,306077,1
4614,306078,1
4615,306079,1
4616,306081,1
4617,306080,1
4618,306082,1
4619,306083,1
4620,306084,1
4621,306252,1
4622,306262,1
4623,306263,1
4624,306264,1
4625,306266,1
4626,306267,1
4627,306268,1
4628,306533,1
4629,306534,1
4630,306535,1
4631,306536,1
4632,306537,1
4633,306538,1
4634,306539,1
4635,306540,1
4636,306541,1
4637,306542,1
4638,306543,1
4639,306544,1
4640,306545,1
4641,306546,1
4642,306547,1
4643,306548,1
4644,306549,1
4645,306550,1
4646,306552,1
4647,306553,1
4648,306554,1
4649,306555,1
4650,306556,1
4651,306557,1
4652,306558,1
4653,28171,1
4654,28175,1
4655,28170,1
4656,28966,1
4657,28176,1
4658,42450,1
4659,28957,1
4660,28952,1
4661,8437,1
4662,8438,1
4663,8439,1
4664,8440,1
4665,8469,1
4666,8473,1
4667,8472,1
4668,8471,1
4669,8470,1
4670,8491,1
4671,8487,1
4672,8486,1
4673,8485,1
4674,8484,1
4675,8483,1
4676,8482,1
4677,8480,1
4678,28161,1
4679,28159,1
4680,28155,1
4681,28154,1
4682,28153,1
4683,28152,1
4684,28151,1
4685,28150,1
4686,28149,1
4687,28148,1
4688,28147,1
4689,28146,1
4690,28142,1
4691,28141,1
4692,28139,1
4693,28138,1
4694,28133,1
4695,8495,1
4696,8494,1
4697,8493,1
4699,275193,1
4700,275178,1
4701,275179,1
4702,275180,1
4703,275192,1
4704,275181,1
4705,41904,1
4706,275182,1
4707,275183,1
4708,275184,1
4709,275190,1
4710,275185,1
4711,275191,1
4712,275186,1
4713,13240,1
4714,13155,1
4715,13156,1
4716,13160,1
4717,306724,1
4718,13161,1
4719,306725,1
4720,13163,1
4721,13162,1
4722,58309,1
4723,288461,1
4724,58310,1
4725,13164,1
4726,58311,1
4727,58312,1
4728,13165,1
4729,306765,1
4730,306766,1
4731,306937,1
4732,228001,1
4733,727,1
4734,898,1
4735,901,1
4736,906,1
4737,941,1
4738,944,1
4739,945,1
4740,948,1
4741,1003,1
4742,1004,1
4743,1005,1
4744,1022,1
4745,1025,1
4746,1026,1
4747,1047,1
4748,1048,1
4749,1049,1
4750,1065,1
4751,1066,1
4752,1165,1
4753,1166,1
4754,1181,1
4755,1182,1
4756,1183,1
4757,1195,1
4758,1197,1
4759,1198,1
4760,1199,1
4761,1200,1
4762,1201,1
4763,1227,1
4764,1236,1
4765,1316,1
4766,1346,1
4767,1676,1
4768,8059,1
4769,8060,1
4770,8205,1
4771,8206,1
4772,8207,1
4773,8405,1
4774,8406,1
4775,8525,1
4776,8617,1
4777,8620,1
4778,8623,1
4779,8629,1
4780,17787,1
4781,24324,1
4782,24401,1
4783,51162,1
4784,80667,1
4785,84071,1
4786,225888,1
4787,226275,1
4788,226276,1
4789,227400,1
4790,227401,1
4791,227403,1
4792,227404,1
4793,227405,1
4794,227407,1
4795,227408,1
4796,227411,1
4797,227412,1
4798,227413,1
4799,227414,1
4800,227415,1
4801,227416,1
4802,227417,1
4803,227418,1
4804,227419,1
4805,227420,1
4806,227421,1
4807,227423,1
4808,227424,1
4809,227425,1
4810,227426,1
4811,227427,1
4812,227430,1
4813,227431,1
4814,227433,1
4815,227435,1
4816,227436,1
4817,227438,1
4818,227439,1
4819,227440,1
4820,227442,1
4821,227443,1
4822,227444,1
4823,227448,1
4824,227449,1
4825,227451,1
4826,227452,1
4827,227457,1
4828,227458,1
4829,227459,1
4830,227460,1
4831,227462,1
4832,227463,1
4833,227465,1
4834,227466,1
4835,227467,1
4836,227468,1
4837,227469,1
4838,227473,1
4839,227474,1
4840,227475,1
4841,227476,1
4842,227477,1
4843,227478,1
4844,227479,1
4845,227480,1
4846,227481,1
4847,227483,1
4848,227484,1
4849,227485,1
4850,227487,1
4851,227489,1
4852,227491,1
4853,227493,1
4854,227494,1
4855,227496,1
4856,227497,1
4857,227498,1
4858,227499,1
4859,227500,1
4860,227503,1
4861,227504,1
4862,227505,1
4863,227506,1
4864,227508,1
4865,227509,1
4866,227510,1
4867,227512,1
4868,227514,1
4869,227517,1
4870,227518,1
4871,227519,1
4872,227520,1
4873,227521,1
4874,227524,1
4875,227525,1
4876,227526,1
4877,227527,1
4878,227528,1
4879,227529,1
4880,227531,1
4881,227532,1
4882,227534,1
4883,227535,1
4884,227538,1
4885,227541,1
4886,227542,1
4887,227543,1
4888,227544,1
4889,227550,1
4890,227552,1
4891,227555,1
4892,227556,1
4893,227557,1
4894,227558,1
4895,227559,1
4896,227560,1
4897,227562,1
4898,227563,1
4899,227564,1
4900,227565,1
4901,227566,1
4902,227569,1
4903,227570,1
4904,227572,1
4905,227574,1
4906,227575,1
4907,227577,1
4908,227579,1
4909,227582,1
4910,227583,1
4911,227586,1
4912,227587,1
4913,227588,1
4914,227589,1
4915,227590,1
4916,227591,1
4917,227592,1
4918,227593,1
4919,227595,1
4920,227597,1
4921,227598,1
4922,227599,1
4923,227600,1
4924,227601,1
4925,227603,1
4926,227604,1
4927,227605,1
4928,227647,1
4929,227695,1
4930,228000,1
4931,228002,1
4932,228003,1
4933,228004,1
4934,228005,1
4935,228006,1
4936,228121,1
4937,228125,1
4938,228150,1
4939,228151,1
4940,228152,1
4941,228153,1
4942,228154,1
4943,228155,1
4944,228156,1
4945,228157,1
4946,228158,1
4947,228159,1
4948,228160,1
4949,228161,1
4950,228162,1
4951,228286,1
4952,228363,1
4953,228364,1
4954,228365,1
4955,228366,1
4956,228399,1
4957,228401,1
4958,228402,1
4959,228403,1
4960,228404,1
4961,228405,1
4962,228406,1
4963,228407,1
4964,228408,1
4965,228409,1
4966,228410,1
4967,307260,1
4968,307261,1
4969,307262,1
4970,307263,1
4971,307264,1
4972,307265,1
4973,307266,1
4974,307267,1
4975,307268,1
4976,227686,1
4977,227685,1
4978,227684,1
4979,227691,1
4980,227690,1
4981,227689,1
4982,227688,1
4983,227687,1
4984,227683,1
4985,227681,1
4986,227680,1
4987,227679,1
4988,227678,1
4989,6697,1
4990,6696,1
4991,6689,1
4992,227677,1
4993,6692,1
4994,6695,1
4995,227672,1
4996,227670,1
4997,83860,1
4998,227671,1
4999,83861,1
5000,83859,1
5001,227666,1
5002,227673,1
5003,84062,1
5004,6683,1
5005,227667,1
5006,227668,1
5007,227669,1
5008,83858,1
5009,227674,1
5010,6685,1
5011,6694,1
5012,227675,1
5013,227676,1
5014,6691,1
5015,227682,1
5016,6688,1
5017,306939,1
5018,307405,1
5019,307406,1
5020,307407,1
5021,200491,1
5022,55421,1
5023,55422,1
5024,55423,1
5025,55417,1
5026,55424,1
5027,55455,1
5028,55456,1
5029,55457,1
5030,55453,1
5031,55458,1
5032,55454,1
5033,55472,1
5034,55473,1
5035,55470,1
5036,55431,1
5037,55437,1
5038,55432,1
5039,55442,1
5040,55441,1
5041,55438,1
5042,55447,1
5043,55449,1
5044,55450,1
5045,23495,1
5046,23490,1
5047,23496,1
5048,307408,1
5049,307409,1
5050,307410,1
5051,307411,1
5052,307412,1
5053,307413,1
5054,307414,1
5055,307415,1
5056,307416,1
5057,307417,1
5058,307418,1
5059,308321,1
5060,84562,1
5061,277053,1
5062,84559,1
5063,257733,1
5064,84560,1
5065,229820,1
5066,86229,1
5067,84561,1
5068,275324,1
5069,275327,1
5070,275325,1
5071,84733,1
5072,84734,1
5073,275326,1
5074,84727,1
5075,84728,1
5076,106315,1
5077,84717,1
5078,107458,1
5079,109908,1
5080,109911,1
5081,84719,1
5082,84720,1
5083,275319,1
5084,109913,1
5085,275318,1
5086,275323,1
5087,275316,1
5088,84725,1
5089,277052,1
5090,275317,1
5091,84726,1
5092,84730,1
5093,84731,1
5094,109902,1
5095,109903,1
5096,275322,1
5097,275321,1
5098,109904,1
5099,275320,1
5100,106314,1
5101,107457,1
5102,84718,1
5103,106311,1
5104,106310,1
5105,6603,1
5106,102201,1
5107,308685,1
5108,308686,1
5109,102204,1
5110,308687,1
5111,308688,1
5112,8039,1
5113,308689,1
5114,308690,1
5115,308691,1
5116,308692,1
5117,308693,1
5118,308694,1
5119,308757,1
5120,25533,1
5121,25534,1
5122,25535,1
5123,55857,1
5124,55858,1
5125,55859,1
5126,308769,1
5127,308770,1
5128,308771,1
5129,308772,1
5130,308773,1
5131,308774,1
5132,228999,1
5133,229561,1
5134,229000,1
5135,275869,1
5136,275868,1
5137,309057,1
5138,309058,1
5139,309059,1
5140,309060,1
5141,309061,1
5142,309062,1
5143,309063,1
5144,309064,1
5145,309065,1
5146,309066,1
5147,309209,1
5148,84550,1
5149,227258,1
5150,55451,1
5151,227251,1
5152,227242,1
5153,227243,1
5154,227270,1
5155,227250,1
5156,227269,1
5157,227266,1
5158,227265,1
5159,227267,1
5160,227249,1
5161,227264,1
5162,227268,1
5163,227248,1
5164,227271,1
5165,227274,1
5166,227272,1
5167,227273,1
5168,309067,1
5169,309358,1
5170,309359,1
5171,309362,1
5172,309363,1
5173,309364,1
5174,309365,1
5175,309366,1
5176,309367,1
5177,309368,1
5178,309369,1
5179,309370,1
5180,309371,1
5181,309372,1
5182,309373,1
5183,309374,1
5184,309375,1
5185,309376,1
5186,309377,1
5187,309378,1
5188,309379,1
5189,309380,1
5190,309381,1
5191,309382,1
5192,309383,1
5193,309384,1
5194,309385,1
5195,309386,1
5196,309387,1
5197,309388,1
5198,309389,1
5199,309390,1
5200,309391,1
5201,309392,1
5202,309393,1
5203,309394,1
5204,309395,1
5205,309396,1
5206,309397,1
5207,309398,1
5208,309399,1
5209,309400,1
5210,309401,1
5211,309402,1
5212,309403,1
5213,309404,1
5214,309405,1
5215,309406,1
5216,32309,1
5217,32308,1
5218,32321,1
5219,309911,1
5220,32315,1
5221,32314,1
5222,310051,1
5223,82642,1
5224,3802,1
5225,82643,1
5226,82644,1
5227,82645,1
5228,84555,1
5229,84553,1
5230,84554,1
5231,229239,1
5232,229240,1
5233,229241,1
5234,229242,1
5235,310059,1
5236,310487,1
5237,28173,1
5238,28180,1
5239,28953,1
5240,310491,1
5241,310492,1
5242,310493,1
5243,28971,1
5244,28992,1
5245,28995,1
5246,28997,1
5247,28998,1
5248,28994,1
5249,28991,1
5250,28989,1
5251,310494,1
5252,310495,1
5253,310496,1
5254,310497,1
5255,310498,1
5256,213374,1
5257,310499,1
5258,310500,1
5259,310501,1
5260,310502,1
5261,310503,1
5262,310504,1
5263,310505,1
5264,310526,1
5265,310527,1
5266,310528,1
5267,23633,1
5268,23634,1
5269,23635,1
5270,23636,1
5271,230293,1
5272,23639,1
5273,23638,1
5274,23637,1
5275,23631,1
5276,310674,1
5277,310708,1
5278,12946,1
5279,310709,1
5280,310710,1
5281,310960,1
5282,310961,1
5283,310962,1
5284,310963,1
5285,310964,1
5286,310965,1
5287,310967,1
5288,310968,1
5289,310969,1
5290,311103,1
5291,311387,1
5292,311484,1
5293,311510,1
5294,316778,1
5295,316779,1
5296,316780,1
5297,316781,1
5298,316782,1
5299,316783,1
5300,316986,1
5301,316987,1
5302,316988,1
5303,316989,1
5304,316990,1
5305,258581,1
5306,258599,1
5307,258582,1
5308,258583,1
5309,258584,1
5310,258579,1
5311,258585,1
5312,258586,1
5313,258588,1
5314,258580,1
5315,258589,1
5316,258587,1
5317,258598,1
5318,258590,1
5319,258591,1
5320,258595,1
5321,258596,1
5322,258592,1
5323,258597,1
5324,258593,1
5325,258594,1
5326,29003,1
5327,48085,1
5328,63379,1
5329,63382,1
5330,56325,1
5331,63373,1
5332,33150,1
5333,63381,1
5334,56321,1
5335,48078,1
5336,257691,1
5337,48074,1
5338,63378,1
5339,48104,1
5340,33156,1
5341,228474,1
5342,33155,1
5343,318336,1
5344,318337,1
5345,5756,1
5346,5753,1
5347,318339,1
5348,229221,1
5349,229227,1
5350,252529,1
5351,81059,1
5352,81066,1
5353,81073,1
5354,81080,1
5355,81060,1
5356,81067,1
5357,81074,1
5358,81081,1
5359,252522,1
5360,252523,1
5361,81058,1
5362,81065,1
5363,81072,1
5364,81079,1
5365,81057,1
5366,81064,1
5367,81078,1
5368,81071,1
5369,81063,1
5370,81056,1
5371,81076,1
5372,81070,1
5373,81062,1
5374,81055,1
5375,81075,1
5376,81069,1
5377,81061,1
5378,33323,1
5379,252517,1
5380,252519,1
5381,252520,1
5382,252521,1
5383,252524,1
5384,252525,1
5385,252526,1
5386,252527,1
5387,252528,1
5388,258667,1
5389,39622,1
5390,318343,1
5391,87315,1
5392,36391,1
5393,81149,1
5394,87321,1
5395,29004,1
5396,56320,1
5397,48084,1
5398,257690,1
5399,257688,1
5400,63380,1
5401,227198,1
5402,228476,1
5403,33145,1
5404,62049,1
5405,257686,1
5406,228475,1
5407,227197,1
5408,63374,1
5409,48087,1
5410,2296,1
5411,69585,1
5412,63375,1
5413,102197,1
5414,56318,1
5415,48080,1
5416,33147,1
5417,28973,1
5418,56322,1
5419,102196,1
5420,228473,1
5421,277347,1
5422,33146,1
5423,28972,1
5424,63372,1
5425,228477,1
5426,63371,1
5427,48128,1
5428,277349,1
5429,277348,1
5430,48073,1
5431,227196,1
5432,257687,1
5433,56319,1
5434,257689,1
5435,227195,1
5436,227193,1
5437,227194,1
5438,227192,1
5439,81148,1
5440,227191,1
5441,56324,1
5442,36390,1
5443,36372,1
5444,36371,1
5445,227190,1
5446,227189,1
5447,227188,1
5448,67856,1
5449,28974,1
5450,48086,1
5451,63376,1
5452,227203,1
5453,227202,1
5454,227201,1
5455,227200,1
5456,227199,1
5457,318338,1
5458,318485,1
5459,318486,1
5460,318487,1
5461,318488,1
5462,318489,1
5463,318490,1
5464,318491,1
5465,318492,1
5466,318493,1
5467,318494,1
5468,318495,1
5469,318496,1
5470,318497,1
5471,318498,1
5472,318499,1
5473,318500,1
5474,318501,1
5475,318502,1
5476,318503,1
5477,318504,1
5478,318505,1
5479,318506,1
5480,318507,1
5481,318508,1
5482,318509,1
5483,318772,1
5484,318773,1
5485,318774,1
5486,318775,1
5487,318776,1
5488,318777,1
5489,318778,1
5490,318779,1
5491,318780,1
5492,318781,1
5493,318948,1
5494,318949,1
5495,318950,1
5496,318951,1
5497,318952,1
5498,318953,1
5499,318954,1
5500,318955,1
5501,318956,1
5502,318957,1
5503,318958,1
5504,319064,1
5505,319344,1
5506,12825,1
5507,319345,1
5508,305097,1
5509,305096,1
5510,305098,1
5511,319346,1
5512,319347,1
5513,319348,1
5514,319349,1
5515,84118,1
5516,228418,1
5517,228422,1
5518,228420,1
5519,277055,1
5520,106293,1
5521,106298,1
5522,277056,1
5523,106294,1
5524,228427,1
5525,284846,1
5526,84500,1
5527,229247,1
5528,106301,1
5529,106302,1
5530,106305,1
5531,106306,1
5532,106304,1
5533,84557,1
5534,229246,1
5535,229254,1
5536,229255,1
5537,229257,1
5538,84556,1
5539,229256,1
5540,229245,1
5541,84540,1
5542,229251,1
5543,105412,1
5544,229250,1
5545,105422,1
5546,106290,1
5547,84113,1
5548,275315,1
5549,84116,1
5550,84544,1
5551,84496,1
5552,105411,1
5553,105416,1
5554,84119,1
5555,84498,1
5556,84117,1
5557,229237,1
5558,84111,1
5559,105414,1
5560,84107,1
5561,84110,1
5562,84109,1
5563,84558,1
5564,84563,1
5565,84112,1
5566,319638,1
5567,319639,1
5568,319640,1
5569,319641,1
5570,319642,1
5571,319643,1
5572,319644,1
5573,319645,1
5574,319646,1
5575,319647,1
5576,319648,1
5577,319649,1
5578,319650,1
5579,275012,1
5580,275013,1
5581,50127,1
5582,275017,1
5583,50122,1
5584,275011,1
5585,242730,1
5586,50143,1
5587,227176,1
5588,50142,1
5589,275015,1
5590,50120,1
5591,50128,1
5592,275016,1
5593,45541,1
5594,275010,1
5595,275014,1
5596,275009,1
5597,50140,1
5598,155206,1
5599,50141,1
5600,275008,1
5601,45539,1
5602,275007,1
5603,45540,1
5604,50118,1
5605,50135,1
5606,319814,1
5607,319815,1
5608,50119,1
5609,50138,1
5610,50139,1
5611,50134,1
5612,319816,1
5613,319817,1
5614,50129,1
5615,50130,1
5616,50131,1
5617,50132,1
5618,50133,1
5619,50137,1
5620,319818,1
5621,319964,1
5622,319651,1
5623,319965,1
5624,319966,1
5625,319967,1
5626,319968,1
5627,319969,1
5628,319970,1
5629,319971,1
5630,319973,1
5631,319974,1
5632,319975,1
5633,319976,1
5634,319977,1
5635,320045,1
5636,320046,1
5637,320047,1
5638,320048,1
5639,320050,1
5640,320186,1
5641,320188,1
5642,320189,1
5643,320190,1
5644,320191,1
5645,320192,1
5646,320193,1
5647,320194,1
5648,320195,1
5649,320196,1
5650,320197,1
5651,320463,1
5652,320464,1
5653,320465,1
5654,320466,1
5655,320468,1
5656,320469,1
5657,320470,1
5658,320471,1
5659,320472,1
5660,320473,1
5661,320474,1
5662,320475,1
5663,320476,1
5664,320477,1
5665,320478,1
5666,320479,1
5667,320480,1
5668,320481,1
5669,320482,1
5670,320483,1
5671,320484,1
5672,320485,1
5673,320486,1
5674,320487,1
5675,320488,1
5676,263800,1
5677,138599,1
5678,138598,1
5679,138597,1
5680,138592,1
5681,263801,1
5682,138589,1
5683,225724,1
5684,138594,1
5685,138591,1
5686,138590,1
5687,55952,1
5688,55949,1
5689,138602,1
5690,138606,1
5691,138605,1
5692,320489,1
5693,138604,1
5694,138603,1
5695,320490,1
5696,320491,1
5697,320492,1
5698,320493,1
5699,320494,1
5700,320765,1
5701,320767,1
5702,320768,1
5703,50136,1
5704,320770,1
5705,320771,1
5706,84313,1
5707,80650,1
5708,84301,1
5709,84303,1
5710,320931,1
5711,320932,1
5712,320933,1
5713,320934,1
5714,320935,1
5715,320937,1
5716,320938,1
5717,320939,1
5718,320940,1
5719,320941,1
5720,320942,1
5721,320943,1
5722,320944,1
5723,320945,1
5724,320946,1
5725,320947,1
5726,320948,1
5727,320949,1
5728,320950,1
5729,321216,1
5730,321217,1
5731,321218,1
5732,321219,1
5733,321220,1
5734,321221,1
5735,321222,1
5736,321223,1
5737,321224,1
5738,321225,1
5739,321226,1
5740,321227,1
5741,321228,1
5742,321229,1
5743,321230,1
5744,321231,1
5745,321232,1
5746,321233,1
5747,321234,1
5748,301953,1
5749,321407,1
5750,321408,1
5751,321409,1
5752,321410,1
5753,301948,1
5754,301955,1
5755,321411,1
5756,321412,1
5757,321413,1
5758,321414,1
5759,321415,1
5760,301949,1
5761,301950,1
5762,301952,1
5763,321416,1
5764,301959,1
5765,301960,1
5766,301961,1
5767,318798,1
5768,301958,1
5769,301965,1
5770,321417,1
5771,321418,1
5772,301964,1
5773,301962,1
5774,321419,1
5775,302106,1
5776,302104,1
5777,302105,1
5778,321420,1
5779,302101,1
5780,302102,1
5781,302103,1
5782,321421,1
5783,321422,1
5784,321496,1
5785,321497,1
5786,321498,1
5787,321499,1
5788,321500,1
5789,321501,1
5790,321502,1
5791,321503,1
5792,321504,1
5793,321505,1
5794,321506,1
5795,321507,1
5796,321508,1
5797,321509,1
5798,321510,1
5799,321511,1
5800,321512,1
5801,321513,1
5802,321514,1
5803,321515,1
5804,321516,1
5805,321517,1
5806,321518,1
5807,321519,1
5808,321520,1
5809,321521,1
5810,321522,1
5811,321523,1
5812,321524,1
5813,321525,1
5814,321526,1
5815,321527,1
5816,321528,1
5817,321529,1
5818,321530,1
5819,321531,1
5820,321532,1
5821,321533,1
5822,321534,1
5823,321535,1
5824,321536,1
5825,321537,1
5826,321538,1
5827,321539,1
5828,321540,1
5829,321541,1
5830,321542,1
5831,321543,1
5832,321544,1
5833,321545,1
5834,321546,1
5835,321547,1
5836,321548,1
5837,321549,1
5838,321550,1
5839,321551,1
5840,321552,1
5841,321553,1
5842,321554,1
5843,321555,1
5844,321556,1
5845,321557,1
5846,321558,1
5847,321559,1
5848,321560,1
5849,321561,1
5850,321562,1
5851,321563,1
5852,321564,1
5853,321565,1
5854,321566,1
5855,321567,1
5856,321568,1
5857,321569,1
5858,321619,1
5859,321620,1
5860,29374,1
5861,29379,1
5862,100274,1
5863,29376,1
5864,100272,1
5865,100271,1
5866,227175,1
5867,227172,1
5868,321689,1
5869,321690,1
5870,321692,1
5871,321693,1
5872,39484,1
5873,321694,1
5874,39486,1
5875,39487,1
5876,39485,1
5877,227184,1
5878,39488,1
5879,227129,1
5880,299340,1
5881,227130,1
5882,39489,1
5883,30000,1
5884,13149,1
5885,13148,1
5886,225395,1
5887,213377,1
5888,275328,1
5889,275329,1
5890,747,1
5891,226230,1
5892,746,1
5893,226228,1
5894,748,1
5895,771,1
5896,30020,1
5897,29940,1
5898,767,1
5899,226227,1
5900,29941,1
5901,226229,1
5902,227255,1
5903,742,1
5904,743,1
5905,744,1
5906,754,1
5907,753,1
5908,745,1
5909,770,1
5910,757,1
5911,766,1
5912,772,1
5913,765,1
5914,226232,1
5915,762,1
5916,226231,1
5917,756,1
5918,758,1
5919,226233,1
5920,764,1
5921,761,1
5922,226235,1
5923,29937,1
5924,755,1
5925,226234,1
5926,760,1
5927,226238,1
5928,226226,1
5929,40222,1
5930,226236,1
5931,769,1
5932,29938,1
5933,29939,1
5934,759,1
5935,226237,1
5936,768,1
5937,257321,1
5938,243551,1
5939,242779,1
5940,39492,1
5941,39490,1
5942,230327,1
5943,33154,1
5944,29014,1
5945,230325,1
5946,230326,1
5947,39491,1
5948,321764,1
5949,321765,1
5950,30001,1
5951,25033,1
5952,36176,1
5953,33300,1
5954,321902,1
5955,321903,1
5956,39470,1
5957,229843,1
5958,229849,1
5959,229848,1
5960,229847,1
5961,229842,1
5962,229845,1
5963,229846,1
5964,229840,1
5965,229802,1
5966,229851,1
5967,229850,1
5968,229841,1
5969,229836,1
5970,229805,1
5971,229832,1
5972,229803,1
5973,229839,1
5974,229804,1
5975,229837,1
5976,229838,1
5977,321973,1
5978,321974,1
5979,321976,1
5980,321977,1
5981,321978,1
5982,321979,1
5983,321980,1
5984,321981,1
5985,321982,1
5986,321983,1
5987,321984,1
5988,321986,1
5989,321988,1
5990,321989,1
5991,321991,1
5992,322059,1
5993,322060,1
5994,322061,1
5995,322062,1
5996,322063,1
5997,322064,1
5998,322132,1
5999,322137,1
6000,322136,1
6001,322135,1
6002,322134,1
6003,322133,1
6004,322143,1
6005,322142,1
6006,322141,1
6007,322140,1
6008,322139,1
6009,322138,1
6010,322149,1
6011,322148,1
6012,322147,1
6013,322146,1
6014,322145,1
6015,322144,1
6016,322155,1
6017,322154,1
6018,322153,1
6019,322152,1
6020,322151,1
6021,322150,1
6022,322161,1
6023,322160,1
6024,322159,1
6025,322158,1
6026,322157,1
6027,322156,1
6028,322167,1
6029,322166,1
6030,322165,1
6031,322164,1
6032,322163,1
6033,322162,1
6034,322179,1
6035,322178,1
6036,322177,1
6037,322176,1
6038,322175,1
6039,322174,1
6040,322173,1
6041,322172,1
6042,322171,1
6043,322170,1
6044,322168,1
6045,322245,1
6046,322244,1
6047,322243,1
6048,322242,1
6049,322241,1
6050,322240,1
6051,322251,1
6052,322250,1
6053,322249,1
6054,322248,1
6055,322247,1
6056,322246,1
6057,322257,1
6058,322256,1
6059,322255,1
6060,322254,1
6061,322253,1
6062,322252,1
6063,322263,1
6064,322262,1
6065,322261,1
6066,322260,1
6067,322259,1
6068,322258,1
6069,322269,1
6070,322268,1
6071,322267,1
6072,322266,1
6073,322265,1
6074,322264,1
6075,322275,1
6076,322274,1
6077,322273,1
6078,322272,1
6079,322271,1
6080,322270,1
6081,322209,1
6082,322208,1
6083,322207,1
6084,322206,1
6085,322205,1
6086,322204,1
6087,322215,1
6088,322214,1
6089,322213,1
6090,322212,1
6091,322211,1
6092,322210,1
6093,322221,1
6094,322220,1
6095,322219,1
6096,322218,1
6097,322217,1
6098,322216,1
6099,322227,1
6100,322226,1
6101,322225,1
6102,322224,1
6103,322223,1
6104,322222,1
6105,322233,1
6106,322232,1
6107,322231,1
6108,322230,1
6109,322229,1
6110,322228,1
6111,322239,1
6112,322238,1
6113,322237,1
6114,322236,1
6115,322235,1
6116,322234,1
6117,322169,1
6118,322185,1
6119,322184,1
6120,322183,1
6121,322182,1
6122,322181,1
6123,322180,1
6124,322186,1
6125,322187,1
6126,322188,1
6127,322189,1
6128,322190,1
6129,322191,1
6130,322192,1
6131,322193,1
6132,322194,1
6133,322195,1
6134,322196,1
6135,322197,1
6136,322203,1
6137,322202,1
6138,322201,1
6139,322200,1
6140,322199,1
6141,322198,1
6142,322425,1
6143,322426,1
6144,322427,1
6145,322428,1
6146,322429,1
6147,322430,1
6148,322431,1
6149,322432,1
6150,322433,1
6151,322434,1
6152,322435,1
6153,322436,1
6154,322437,1
6155,322438,1
6156,322507,1
6157,322508,1
6158,322509,1
6159,322511,1
6160,322512,1
6161,322513,1
6162,322562,1
6163,322563,1
6164,322565,1
6165,322566,1
6166,322567,1
6167,322568,1
6168,322569,1
6169,322570,1
6170,322571,1
6171,322572,1
6172,322573,1
6173,322574,1
6174,322863,1
6175,322871,1
6176,322874,1
6177,322943,1
6178,322954,1
6179,322955,1
6180,323054,1
6181,323055,1
6182,323056,1
6183,323057,1
6184,323058,1
6185,323059,1
6186,323060,1
6187,323129,1
6188,323130,1
6189,323132,1
6190,323133,1
6191,323135,1
6192,323136,1
6193,323137,1
6194,323139,1
6195,323140,1
6196,323141,1
6197,323217,1
6198,323218,1
6199,323219,1
6200,55419,1
6201,227254,1
6202,323226,1
6203,323228,1
6204,323229,1
6205,323230,1
6206,323231,1
6207,323232,1
6208,323233,1
6209,323234,1
6210,323235,1
6211,323236,1
6212,323237,1
6213,323434,1
6214,323435,1
6215,323437,1
6216,323438,1
6217,323439,1
6218,323441,1
6219,323442,1
6220,323443,1
6221,323444,1
6222,323445,1
6223,323446,1
6224,323448,1
6225,323449,1
6226,323450,1
6227,323452,1
6228,323453,1
6229,323455,1
6230,323457,1
6231,323458,1
6232,323459,1
6233,323559,1
6234,323560,1
6235,323561,1
6236,323562,1
6237,323566,1
6238,323640,1
6239,323641,1
6240,323642,1
6241,323643,1
6242,323713,1
6243,323714,1
6244,323715,1
6245,323716,1
6246,323717,1
6247,323718,1
6248,323719,1
6249,323720,1
6250,323721,1
6251,323722,1
6252,323723,1
6253,323724,1
6254,323725,1
6255,323726,1
6256,323727,1
6257,323728,1
6258,323729,1
6259,323730,1
6260,323731,1
6261,323733,1
6262,323734,1
6263,323735,1
6264,323736,1
6265,323965,1
6266,323966,1
6267,323967,1
6268,323968,1
6269,323969,1
6270,323970,1
6271,323971,1
6272,323972,1
6273,323973,1
6274,323974,1
6275,323975,1
6276,323976,1
6277,258417,1
6278,324127,1
6279,324128,1
6280,324129,1
6281,324130,1
6282,58345,1
6283,226734,1
6284,324200,1
6285,324201,1
6286,324199,1
6287,324202,1
6288,324203,1
6289,324204,1
6290,324205,1
6291,324206,1
6292,324212,1
6293,324213,1
6294,324214,1
6295,324215,1
6296,324216,1
6297,324217,1
6298,324218,1
6299,324219,1
6300,324220,1
6301,324221,1
6302,324222,1
6303,324223,1
6304,324224,1
6305,324225,1
6306,324226,1
6307,324227,1
6308,324228,1
6309,324229,1
6310,324298,1
6311,324300,1
6312,324301,1
6313,324302,1
6314,324303,1
6315,324304,1
6316,324305,1
6317,324306,1
6318,324307,1
6319,324308,1
6320,324310,1
6321,324311,1
6322,324312,1
6323,324313,1
6324,324315,1
6325,324316,1
6326,324317,1
6327,324319,1
6328,324320,1
6329,324321,1
6330,324322,1
6331,324323,1
6332,324324,1
6333,324393,1
6334,324394,1
6335,324395,1
6336,324396,1
6337,324398,1
6338,324399,1
6339,324400,1
6340,324401,1
6341,324402,1
6342,324403,1
6343,324404,1
6344,324473,1
6345,324474,1
6346,324475,1
6347,324476,1
6348,324477,1
6349,324478,1
6350,324479,1
6351,324480,1
6352,324481,1
6353,324482,1
6354,324490,1
6355,324495,1
6356,324656,1
6357,324669,1
6358,324752,1
6360,324779,1
6361,324852,1
6362,324853,1
6363,324854,1
6364,324855,1
6365,324856,1
6366,324857,1
6367,324858,1
6368,324859,1
6369,324860,1
6370,324861,1
6371,324862,1
6372,324863,1
6373,324864,1
6374,324866,1
6375,324867,1
6376,324868,1
6377,324869,1
6378,324870,1
6379,324871,1
6380,324872,1
6381,324873,1
6382,324874,1
6383,324875,1
6384,324876,1
6385,324879,1
6386,324880,1
6387,324881,1
6388,324882,1
6389,324883,1
6390,324884,1
6391,324885,1
6392,324886,1
6393,324887,1
6394,324888,1
6395,324889,1
6396,324890,1
6397,324891,1
6398,86637,1
6399,86636,1
6400,86635,1
6401,86634,1
6402,86633,1
6403,86632,1
6404,324892,1
6405,86631,1
6406,86630,1
6407,86629,1
6408,86628,1
6409,277049,1
6410,277321,1
6411,284325,1
6412,324990,1
6413,324991,1
6414,324992,1
6415,324993,1
6416,324994,1
6417,324995,1
6418,324996,1
6419,324997,1
6420,324998,1
6421,324999,1
6422,325000,1
6423,325001,1
6424,325002,1
6425,325003,1
6426,325004,1
6427,325005,1
6428,325006,1
6429,325007,1
6430,325008,1
6431,325009,1
6432,325010,1
6433,325011,1
6434,85938,1
6435,85943,1
6436,85944,1
6437,85936,1
6438,85929,1
6439,85927,1
6440,85926,1
6441,85928,1
6442,85937,1
6443,85932,1
6444,85952,1
6445,85933,1
6446,325081,1
6447,85946,1
6448,85953,1
6449,85942,1
6450,85939,1
6451,85941,1
6452,85940,1
6453,85950,1
6454,85949,1
6455,85951,1
6456,325089,1
6457,325090,1
6458,325091,1
6459,325092,1
6460,325449,1
6461,325450,1
6462,325455,1
6463,325643,1
6464,325644,1
6465,325645,1
6466,325646,1
6467,325647,1
6468,325648,1
6469,325649,1
6470,325650,1
6471,325651,1
6472,325652,1
6473,325653,1
6474,325654,1
6475,325655,1
6476,325656,1
6477,325657,1
6478,325658,1
6479,325659,1
6480,325660,1
6481,325663,1
6482,325666,1
6483,325667,1
6484,325668,1
6485,325669,1
6486,325670,1
6487,325671,1
6488,325672,1
6489,325673,1
6490,325674,1
6491,325675,1
6492,325676,1
6493,325677,1
6494,325678,1
6495,325679,1
6496,325680,1
6497,325681,1
6498,325682,1
6499,325683,1
6500,325684,1
6501,325685,1
6502,325686,1
6503,48004,1
6504,48003,1
6505,48002,1
6506,48001,1
6507,48000,1
6508,48005,1
6509,47999,1
6510,78074,1
6511,47998,1
6512,78073,1
6513,47972,1
6514,78072,1
6515,47997,1
6516,78075,1
6517,78076,1
6518,78077,1
6519,325847,1
6520,325849,1
6521,325850,1
6522,325851,1
6523,325852,1
6524,325853,1
6525,325857,1
6526,325858,1
6527,325859,1
6528,325860,1
6529,325861,1
6530,325862,1
6531,325863,1
6532,325934,1
6533,325957,1
6534,325959,1
6535,325961,1
6536,326030,1
6537,326031,1
6538,326032,1
6539,326036,1
6540,326037,1
6541,326038,1
6542,326040,1
6543,326247,1
6544,326248,1
6545,326249,1
6546,326250,1
6547,326251,1
6548,326252,1
6549,326253,1
6550,326254,1
6551,326255,1
6552,326256,1
6553,326257,1
6554,326258,1
6555,326259,1
6556,326260,1
6557,326330,1
6558,326544,1
6559,326682,1
6560,82632,1
6561,258409,1
6562,258395,1
6563,258411,1
6564,258412,1
6565,258399,1
6566,258396,1
6567,258400,1
6568,258398,1
6569,258447,1
6570,258446,1
6571,258441,1
6572,258440,1
6573,228926,1
6574,82623,1
6575,82624,1
6576,82625,1
6577,82626,1
6578,258426,1
6579,258443,1
6580,258442,1
6581,258445,1
6582,258444,1
6583,327196,1
6584,327197,1
6585,327198,1
6586,327199,1
6587,258424,1
6588,327202,1
6589,258408,1
6590,258407,1
6591,258410,1
6592,258413,1
6593,258404,1
6594,258405,1
6595,82634,1
6596,258429,1
6597,258430,1
6598,258431,1
6599,258414,1
6600,258438,1
6601,258437,1
6602,258436,1
6603,258435,1
6604,258427,1
6605,284326,1
6606,258425,1
6607,258401,1
6608,258402,1
6609,258403,1
6610,82628,1
6611,82627,1
6612,258433,1
6613,258422,1
6614,258423,1
6615,258420,1
6616,258421,1
6617,258416,1
6618,258415,1
6619,258418,1
6620,258419,1
6621,82630,1
6622,82631,1
6623,82633,1
6624,258434,1
6625,258406,1
6626,258432,1
6627,327203,1
6628,327204,1
6629,327205,1
6630,327206,1
6631,327207,1
6632,327208,1
6633,327209,1
6634,327250,1
6635,327366,1
6636,327368,1
6637,327369,1
6638,327370,1
6639,327371,1
6640,327372,1
6641,327373,1
6642,327374,1
6643,327375,1
6644,327376,1
6645,327377,1
6646,327378,1
6647,327383,1
6648,327384,1
6649,327385,1
6650,327386,1
6651,327387,1
6652,327388,1
6653,327389,1
6654,327390,1
6655,327392,1
6656,327393,1
6657,327394,1
6658,327395,1
6659,327396,1
6660,327397,1
6661,327382,1
6662,327398,1
6663,327399,1
6664,322642,1
6665,322643,1
6666,322646,1
6667,322647,1
6668,322648,1
6669,322649,1
6670,322650,1
6671,322651,1
6672,322652,1
6673,322653,1
6674,322654,1
6675,322655,1
6676,322656,1
6677,322657,1
6678,322658,1
6679,322659,1
6680,322660,1
6681,322661,1
6682,322662,1
6683,322663,1
6684,322664,1
6685,322665,1
6686,322666,1
6687,322667,1
6688,322668,1
6689,322669,1
6690,322670,1
6691,322671,1
6692,322672,1
6693,322673,1
6694,322674,1
6695,322675,1
6696,322676,1
6697,322677,1
6698,322678,1
6699,322679,1
6700,322680,1
6701,322681,1
6702,322682,1
6703,322684,1
6704,322685,1
6705,322686,1
6706,322687,1
6707,322688,1
6708,322689,1
6709,322690,1
6710,322691,1
6711,322692,1
6712,322693,1
6713,322695,1
6714,322696,1
6715,322697,1
6716,322698,1
6717,322699,1
6718,322700,1
6719,322701,1
6720,322702,1
6721,322703,1
6722,322704,1
6723,322705,1
6724,322706,1
6725,322710,1
6726,322711,1
6727,322712,1
6728,322713,1
6729,322714,1
6730,322715,1
6731,322716,1
6732,322717,1
6733,322718,1
6734,322719,1
6735,322720,1
6736,322721,1
6737,322722,1
6738,322723,1
6739,322724,1
6740,322725,1
6741,322726,1
6742,322727,1
6743,322728,1
6744,322729,1
6745,322730,1
6746,322731,1
6747,322732,1
6748,322733,1
6749,322734,1
6750,322735,1
6751,322736,1
6752,322737,1
6753,322738,1
6754,322739,1
6755,322740,1
6756,322741,1
6757,322742,1
6758,322743,1
6759,322745,1
6760,322746,1
6761,322747,1
6762,322748,1
6763,322749,1
6764,322750,1
6765,322751,1
6766,322752,1
6767,322753,1
6768,322754,1
6769,322755,1
6770,322756,1
6771,322757,1
6772,322758,1
6773,322759,1
6774,322760,1
6775,322761,1
6776,322768,1
6777,322769,1
6778,322770,1
6779,322771,1
6780,322772,1
6781,322773,1
6782,322774,1
6783,322775,1
6784,322776,1
6785,322777,1
6786,322778,1
6787,322779,1
6788,322780,1
6789,322781,1
6790,322782,1
6791,322783,1
6792,322784,1
6793,322785,1
6794,322786,1
6795,322787,1
6796,323041,1
6797,323042,1
6798,323043,1
6799,323044,1
6800,323045,1
6801,323046,1
6802,323047,1
6803,323048,1
6804,323049,1
6805,323050,1
6806,323051,1
6807,323052,1
6808,323053,1
6809,325242,1
6810,325243,1
6811,325244,1
6812,325245,1
6813,325246,1
6814,325261,1
6815,325262,1
6816,325263,1
6817,325264,1
6818,325265,1
6819,325266,1
6820,325267,1
6821,325268,1
6823,326039,1
6824,6668,1
6825,6946,1
6826,6948,1
6827,6953,1
6828,6956,1
6829,6958,1
6830,6978,1
6831,6984,1
6832,6985,1
6833,6987,1
6834,6988,1
6835,6991,1
6836,6992,1
6837,6993,1
6838,6995,1
6839,6996,1
6840,6997,1
6841,6998,1
6842,6999,1
6843,7006,1
6844,7007,1
6845,7008,1
6846,7009,1
6847,7788,1
6848,7789,1
6849,7790,1
6850,7791,1
6851,7792,1
6852,7793,1
6853,12886,1
6854,12947,1
6855,12949,1
6856,29979,1
6857,42152,1
6858,55452,1
6859,76777,1
6860,77453,1
6861,77454,1
6862,77455,1
6863,77456,1
6864,77457,1
6865,77458,1
6866,77459,1
6867,83193,1
6868,86163,1
6869,88980,1
6870,88981,1
6871,90419,1
6872,96127,1
6873,227116,1
6874,227120,1
6875,227122,1
6876,227123,1
6877,227125,1
6878,227126,1
6879,227128,1
6880,227131,1
6881,227133,1
6882,227134,1
6883,227135,1
6884,227136,1
6885,227137,1
6886,227138,1
6887,227139,1
6888,227140,1
6889,227141,1
6890,227142,1
6891,227144,1
6892,227145,1
6893,227146,1
6894,227147,1
6895,227148,1
6896,227149,1
6897,227150,1
6898,227153,1
6899,227156,1
6900,227158,1
6901,227159,1
6902,227160,1
6903,251999,1
6904,252000,1
6905,252001,1
6906,257748,1
6907,257749,1
6908,257756,1
6909,327400,1
